{"stat.walkOneCm":66695,"stat.craftItem.minecraft.bed":2,"stat.playerKills":1,"stat.drop.rustic.chamomile":3,"stat.leaveGame":10,"stat.pickup.byg.pinkanemone":1,"stat.pickup.minecraft.crafting_table":3,"stat.craftItem.minecraft.crafting_table":1,"stat.furnaceInteraction":13,"stat.drop.minecraft.dirt":3,"stat.pickup.rustic.sapling":1,"stat.pickup.rustic.chamomile":3,"stat.mineBlock.byg.rocky_grass":2,"stat.pickup.minecraft.log":35,"stat.jump":364,"stat.swimOneCm":3047,"stat.fallOneCm":101523,"stat.pickup.minecraft.beef":6,"stat.useItem.minecraft.cooked_mutton":5,"stat.pickup.minecraft.furnace":1,"stat.craftItem.minecraft.stone_slab2":0,"stat.useItem.minecraft.stone_axe":54,"stat.crouchOneCm":8479,"stat.pickup.minecraft.chicken":4,"stat.pickup.minecraft.dirt":4,"stat.drop.minecraft.egg":2,"stat.sprintOneCm":40707,"stat.useItem.minecraft.stone_slab2":9,"stat.craftItem.minecraft.stick":20,"stat.craftingTableInteraction":4,"stat.craftItem.minecraft.furnace":1,"stat.craftItem.minecraft.planks":64,"stat.killEntity.Chicken":4,"stat.craftItem.minecraft.stone_axe":1,"stat.damageTaken":9533,"stat.mineBlock.minecraft.crafting_table":3,"stat.pickup.minecraft.feather":5,"stat.pickup.minecraft.leather":4,"stat.mineBlock.minecraft.furnace":1,"stat.craftItem.minecraft.stone_pickaxe":1,"stat.useItem.minecraft.wooden_pickaxe":24,"stat.mobKills":26,"stat.pickup.minecraft.cobblestone":26,"stat.mineBlock.minecraft.log":35,"stat.pickup.minecraft.planks":9,"stat.useItem.carryon.entity_item":1,"stat.craftItem.minecraft.stone_sword":1,"stat.flyOneCm":33518,"stat.deaths":1,"stat.drop":8,"stat.pickup.minecraft.egg":2,"stat.mineBlock.minecraft.leaves":3,"stat.playOneMinute":38356,"stat.killEntity.Sheep":19,"stat.useItem.minecraft.stone_pickaxe":3,"stat.sneakTime":2750,"stat.useItem.minecraft.stone_sword":7,"stat.pickup.minecraft.wool":19,"stat.damageDealt":2190,"stat.sleepInBed":1,"stat.timeSinceDeath":33737,"stat.pickup.zawa.care_guide":1,"stat.killEntity.Cow":3,"stat.mineBlock.minecraft.dirt":1,"stat.craftItem.minecraft.wooden_pickaxe":1,"stat.mineBlock.minecraft.stone":24,"stat.mineBlock.minecraft.tallgrass":3,"stat.craftItem.minecraft.cooked_mutton":6,"stat.diveOneCm":13103,"stat.pickup.minecraft.mutton":27}