{"stat.chestOpened":56,"stat.pickup.minecraft.bone":6,"stat.useItem.minecraft.stone":4,"stat.leaveGame":2,"stat.pickup.minecraft.gravel":28,"stat.pickup.minecraft.arrow":4,"stat.craftItem.minecraft.cooked_porkchop":14,"stat.pickup.minecraft.flint":2,"stat.mineBlock.byg.jacarandaleaves":6,"stat.useItem.minecraft.apple":11,"stat.mineBlock.rustic.slate":2,"stat.mineBlock.minecraft.sandstone":11,"stat.useItem.byg.mahogany_planks":22,"stat.drop.minecraft.apple":1,"stat.pickup.byg.soapstone":44,"stat.swimOneCm":15768,"stat.jump":1552,"stat.pickup.zawa.worm":1,"stat.pickup.minecraft.coal":216,"stat.fallOneCm":21867,"stat.craftItem.minecraft.shield":1,"stat.useItem.minecraft.stone_axe":71,"stat.pickup.minecraft.porkchop":14,"stat.pickup.minecraft.gunpowder":1,"stat.crouchOneCm":18850,"stat.mineBlock.minecraft.chest":2,"stat.craftItem.minecraft.torch":220,"stat.craftItem.minecraft.chest":4,"stat.craftItem.minecraft.iron_ingot":104,"stat.pickup.byg.scoria":153,"stat.pickup.minecraft.dirt":7,"stat.useItem.minecraft.dirt":1,"stat.craftItem.minecraft.iron_helmet":1,"stat.useItem.minecraft.stone_slab2":21,"stat.useItem.minecraft.water_bucket":18,"stat.craftingTableInteraction":19,"stat.pickup.minecraft.iron_ore":115,"stat.pickup.minecraft.sand":38,"stat.craftItem.minecraft.furnace":2,"stat.boatOneCm":175752,"stat.pickup.minecraft.gold_ore":11,"stat.mineBlock.minecraft.lapis_ore":7,"stat.useItem.byg.scoria":23,"stat.craftItem.minecraft.stone_axe":1,"stat.craftItem.minecraft.iron_boots":1,"stat.damageTaken":647,"stat.craftItem.byg.mahogany_planks":40,"stat.craftItem.minecraft.wooden_button":1,"stat.craftItem.minecraft.stone_pickaxe":6,"stat.mineBlock.minecraft.furnace":1,"stat.mineBlock.minecraft.torch":16,"stat.useItem.minecraft.wooden_pickaxe":59,"stat.mineBlock.byg.mahogany_log":39,"stat.pickup.minecraft.cobblestone":363,"stat.pickup.minecraft.dye":49,"stat.pickup.minecraft.reeds":5,"stat.craftItem.minecraft.stone_sword":1,"stat.flyOneCm":163746,"stat.pickup.minecraft.bed":1,"stat.pickup.minecraft.sandstone":11,"tombstone:undead_killed":1,"stat.pickup.minecraft.wheat_seeds":1,"stat.mineBlock.minecraft.sand":22,"stat.mineBlock.byg.scoria":154,"stat.craftItem.zawa.cooked_crab_leg":3,"stat.drop.minecraft.wheat_seeds":1,"stat.pickup.rustic.slate":2,"stat.mineBlock.minecraft.gravel":16,"stat.useItem.minecraft.stone_pickaxe":485,"stat.useItem.minecraft.stone_sword":36,"stat.craftItem.minecraft.iron_leggings":1,"stat.damageDealt":1916,"stat.pickup.minecraft.redstone":87,"stat.mineBlock.minecraft.iron_ore":115,"stat.sleepInBed":2,"stat.timeSinceDeath":116204,"stat.useItem.minecraft.crafting_table":3,"stat.mineBlock.minecraft.dirt":7,"stat.useItem.minecraft.iron_pickaxe":501,"stat.craftItem.minecraft.wooden_pickaxe":1,"stat.killEntity.Pig":8,"stat.mineBlock.byg.mahogany_leaves":2,"stat.pickup.minecraft.mutton":8,"stat.drop.rustic.chili_pepper_seeds":1,"stat.pickup.minecraft.boat":3,"stat.walkOneCm":280273,"stat.craftItem.minecraft.bed":1,"stat.useItem.minecraft.torch":106,"stat.useItem.minecraft.chest":4,"stat.mineBlock.byg.greatoaklog":12,"stat.pickup.minecraft.stick":5,"stat.pickup.minecraft.crafting_table":5,"stat.useItem.minecraft.cobblestone":2,"stat.craftItem.minecraft.crafting_table":1,"stat.furnaceInteraction":28,"stat.useItem.minecraft.cooked_porkchop":5,"stat.mineBlock.minecraft.coal_ore":218,"stat.craftItem.minecraft.boat":1,"stat.pickup.minecraft.wooden_button":1,"stat.killEntity.Creeper":1,"stat.pickup.minecraft.log":8,"stat.useItem.minecraft.cooked_mutton":3,"stat.pickup.minecraft.furnace":1,"stat.craftItem.byg.greatoakplanks":48,"stat.useItem.zawa.cooked_crab_leg":3,"stat.pickup.byg.mahogany_log":38,"stat.craftItem.minecraft.stone_slab2":0,"stat.craftItem.minecraft.gold_ingot":11,"stat.pickup.minecraft.stone":95,"stat.craftItem.minecraft.iron_chestplate":1,"stat.sprintOneCm":170816,"stat.pickup.minecraft.apple":2,"stat.craftItem.minecraft.stick":76,"stat.killEntity.Skeleton":1,"stat.mineBlock.byg.orchardleavesapple":2,"stat.craftItem.minecraft.bucket":1,"stat.craftItem.minecraft.planks":32,"stat.mineBlock.byg.soapstone":44,"stat.mineBlock.minecraft.diamond_ore":6,"stat.mineBlock.minecraft.crafting_table":5,"stat.pickup.byg.greatoaklog":12,"stat.mobKills":17,"stat.mineBlock.minecraft.log":8,"stat.craftItem.minecraft.wooden_door":3,"stat.useItem.minecraft.wooden_door":1,"stat.useItem.minecraft.boat":3,"stat.drop":3,"stat.pickup.minecraft.diamond":6,"stat.mineBlock.minecraft.leaves":4,"stat.playOneMinute":116204,"stat.pickup.minecraft.torch":23,"stat.killEntity.Sheep":6,"stat.mineBlock.minecraft.redstone_ore":19,"stat.sneakTime":7379,"stat.craftItem.minecraft.iron_pickaxe":2,"stat.pickup.minecraft.wool":7,"stat.pickup.rustic.chili_pepper_seeds":1,"stat.pickup.zawa.raw_crab_leg":3,"stat.pickup.zawa.care_guide":1,"stat.mineBlock.minecraft.stone":453,"stat.mineBlock.minecraft.gold_ore":11,"stat.mineBlock.minecraft.tallgrass":7,"stat.craftItem.minecraft.cooked_mutton":8,"stat.diveOneCm":14297,"stat.pickup.minecraft.chest":2,"stat.useItem.minecraft.sandstone":1}