{"stat.chestOpened":21,"stat.pickup.minecraft.bone":3,"stat.useItem.minecraft.stone":3,"stat.leaveGame":2,"stat.pickup.minecraft.gravel":11,"stat.pickup.minecraft.arrow":2,"stat.craftItem.minecraft.cooked_porkchop":14,"stat.mineBlock.byg.jacarandaleaves":6,"stat.useItem.minecraft.apple":11,"stat.mineBlock.rustic.slate":2,"stat.mineBlock.minecraft.sandstone":2,"stat.drop.minecraft.apple":1,"stat.pickup.byg.soapstone":36,"stat.swimOneCm":5187,"stat.jump":913,"stat.pickup.minecraft.coal":113,"stat.fallOneCm":16975,"stat.useItem.minecraft.stone_axe":28,"stat.pickup.minecraft.porkchop":14,"stat.crouchOneCm":11248,"stat.mineBlock.minecraft.chest":2,"stat.craftItem.minecraft.torch":20,"stat.craftItem.minecraft.chest":4,"stat.craftItem.minecraft.iron_ingot":25,"stat.pickup.byg.scoria":94,"stat.pickup.minecraft.dirt":3,"stat.useItem.minecraft.dirt":1,"stat.useItem.minecraft.stone_slab2":15,"stat.craftingTableInteraction":13,"stat.pickup.minecraft.iron_ore":33,"stat.pickup.minecraft.sand":5,"stat.craftItem.minecraft.furnace":2,"stat.boatOneCm":175752,"stat.mineBlock.minecraft.lapis_ore":7,"stat.craftItem.minecraft.stone_axe":1,"stat.damageTaken":417,"stat.craftItem.minecraft.wooden_button":1,"stat.craftItem.minecraft.stone_pickaxe":6,"stat.mineBlock.minecraft.furnace":1,"stat.mineBlock.minecraft.torch":5,"stat.useItem.minecraft.wooden_pickaxe":59,"stat.pickup.minecraft.cobblestone":279,"stat.pickup.minecraft.dye":49,"stat.pickup.minecraft.reeds":5,"stat.craftItem.minecraft.stone_sword":1,"stat.flyOneCm":142499,"stat.pickup.minecraft.bed":1,"stat.pickup.minecraft.sandstone":2,"stat.pickup.minecraft.wheat_seeds":1,"stat.mineBlock.minecraft.sand":5,"stat.mineBlock.byg.scoria":99,"stat.craftItem.zawa.cooked_crab_leg":3,"stat.drop.minecraft.wheat_seeds":1,"stat.pickup.rustic.slate":2,"stat.mineBlock.minecraft.gravel":7,"stat.useItem.minecraft.stone_pickaxe":485,"stat.useItem.minecraft.stone_sword":25,"stat.damageDealt":1380,"stat.pickup.minecraft.redstone":18,"stat.mineBlock.minecraft.iron_ore":33,"stat.sleepInBed":1,"stat.timeSinceDeath":66704,"stat.useItem.minecraft.crafting_table":3,"stat.mineBlock.minecraft.dirt":3,"stat.useItem.minecraft.iron_pickaxe":96,"stat.craftItem.minecraft.wooden_pickaxe":1,"stat.killEntity.Pig":8,"stat.pickup.minecraft.mutton":8,"stat.drop.rustic.chili_pepper_seeds":1,"stat.pickup.minecraft.boat":3,"stat.walkOneCm":142037,"stat.craftItem.minecraft.bed":1,"stat.useItem.minecraft.torch":22,"stat.useItem.minecraft.chest":4,"stat.mineBlock.byg.greatoaklog":12,"stat.pickup.minecraft.stick":5,"stat.pickup.minecraft.crafting_table":5,"stat.craftItem.minecraft.crafting_table":1,"stat.furnaceInteraction":13,"stat.mineBlock.minecraft.coal_ore":114,"stat.craftItem.minecraft.boat":1,"stat.pickup.minecraft.wooden_button":1,"stat.pickup.minecraft.log":6,"stat.useItem.minecraft.cooked_mutton":3,"stat.pickup.minecraft.furnace":1,"stat.craftItem.byg.greatoakplanks":48,"stat.useItem.zawa.cooked_crab_leg":3,"stat.craftItem.minecraft.stone_slab2":0,"stat.pickup.minecraft.stone":61,"stat.sprintOneCm":100553,"stat.pickup.minecraft.apple":2,"stat.craftItem.minecraft.stick":32,"stat.mineBlock.byg.orchardleavesapple":2,"stat.craftItem.minecraft.planks":24,"stat.mineBlock.byg.soapstone":36,"stat.mineBlock.minecraft.crafting_table":5,"stat.pickup.byg.greatoaklog":12,"stat.mobKills":14,"stat.mineBlock.minecraft.log":6,"stat.useItem.minecraft.boat":3,"stat.drop":3,"stat.mineBlock.minecraft.leaves":1,"stat.playOneMinute":66704,"stat.pickup.minecraft.torch":5,"stat.killEntity.Sheep":6,"stat.mineBlock.minecraft.redstone_ore":4,"stat.sneakTime":4459,"stat.craftItem.minecraft.iron_pickaxe":2,"stat.pickup.minecraft.wool":7,"stat.pickup.rustic.chili_pepper_seeds":1,"stat.pickup.zawa.raw_crab_leg":3,"stat.pickup.zawa.care_guide":1,"stat.mineBlock.minecraft.stone":345,"stat.mineBlock.minecraft.tallgrass":7,"stat.craftItem.minecraft.cooked_mutton":8,"stat.diveOneCm":7568,"stat.pickup.minecraft.chest":2}