{"stat.chestOpened":22,"stat.leaveGame":10,"stat.pickup.byg.pinkanemone":1,"stat.pickup.minecraft.arrow":4,"stat.mineBlock.minecraft.cobblestone":1,"stat.pickup.rustic.chamomile":3,"stat.jump":653,"stat.swimOneCm":3047,"stat.pickup.zawa.worm":2,"stat.pickup.minecraft.coal":123,"stat.fallOneCm":104820,"stat.useItem.minecraft.planks":43,"stat.useItem.minecraft.stone_axe":62,"stat.crouchOneCm":21803,"stat.craftItem.minecraft.torch":52,"stat.craftItem.minecraft.chest":4,"stat.pickup.minecraft.dirt":40,"stat.useItem.minecraft.stone_slab2":20,"stat.craftingTableInteraction":8,"stat.pickup.minecraft.iron_ore":31,"stat.pickup.minecraft.rotten_flesh":2,"stat.craftItem.minecraft.furnace":1,"stat.entityKilledBy.Spider":1,"stat.craftItem.minecraft.stone_axe":1,"stat.drop.zawa.worm":1,"stat.damageTaken":10200,"stat.pickup.minecraft.feather":5,"stat.pickup.minecraft.leather":4,"stat.mineBlock.minecraft.furnace":1,"stat.craftItem.minecraft.stone_pickaxe":4,"stat.mineBlock.minecraft.torch":3,"stat.useItem.minecraft.wooden_pickaxe":58,"stat.pickup.minecraft.cobblestone":288,"stat.mineBlock.minecraft.sapling":1,"stat.pickup.minecraft.planks":9,"stat.craftItem.minecraft.stone_sword":1,"stat.flyOneCm":45310,"stat.pickup.minecraft.bed":3,"tombstone:undead_killed":6,"stat.useItem.minecraft.stone_pickaxe":394,"stat.useItem.minecraft.stone_sword":33,"stat.damageDealt":3292,"stat.sleepInBed":3,"stat.timeSinceDeath":6655,"stat.killEntity.Cow":3,"stat.mineBlock.minecraft.dirt":32,"stat.craftItem.minecraft.wooden_pickaxe":1,"stat.pickup.minecraft.mutton":27,"stat.walkOneCm":156555,"stat.craftItem.minecraft.bed":4,"stat.useItem.minecraft.torch":39,"stat.playerKills":1,"stat.useItem.minecraft.chest":3,"stat.drop.rustic.chamomile":3,"stat.drop.tombstone.crafting_ingredient":1,"stat.drop.minecraft.rotten_flesh":1,"stat.pickup.minecraft.crafting_table":3,"stat.useItem.minecraft.cobblestone":31,"stat.craftItem.minecraft.crafting_table":1,"stat.furnaceInteraction":20,"stat.drop.minecraft.dirt":3,"stat.pickup.rustic.sapling":1,"stat.killEntity.ZombieVillager":1,"stat.mineBlock.byg.rocky_grass":2,"stat.mineBlock.minecraft.coal_ore":125,"stat.pickup.minecraft.log":43,"stat.pickup.minecraft.beef":6,"stat.useItem.minecraft.cooked_mutton":11,"stat.pickup.minecraft.furnace":1,"stat.useItem.tombstone.gift":1,"stat.pickup.tombstone.crafting_ingredient":1,"stat.craftItem.minecraft.stone_slab2":0,"stat.pickup.minecraft.stone":26,"stat.pickup.minecraft.chicken":4,"stat.pickup.minecraft.sapling":1,"stat.drop.minecraft.egg":2,"stat.sprintOneCm":70486,"stat.craftItem.minecraft.stick":32,"stat.killEntity.Skeleton":3,"stat.mineBlock.byg.spruceleavesblue":1,"stat.craftItem.minecraft.planks":172,"stat.pickup.minecraft.stone_stairs":1,"stat.killEntity.Chicken":4,"stat.mineBlock.minecraft.crafting_table":3,"stat.mobKills":31,"stat.mineBlock.minecraft.log":43,"stat.useItem.carryon.entity_item":1,"stat.deaths":2,"stat.drop":11,"stat.pickup.minecraft.egg":2,"stat.mineBlock.minecraft.leaves":3,"stat.playOneMinute":74356,"stat.pickup.minecraft.torch":5,"stat.killEntity.Sheep":19,"stat.sneakTime":8591,"stat.pickup.minecraft.wool":19,"stat.killEntity.Zombie":2,"stat.pickup.zawa.care_guide":1,"stat.mineBlock.minecraft.stone":318,"stat.mineBlock.minecraft.tallgrass":12,"stat.craftItem.minecraft.cooked_mutton":40,"stat.diveOneCm":13103}