{"stat.walkOneCm":38462,"stat.playerKills":1,"stat.leaveGame":10,"stat.pickup.minecraft.crafting_table":2,"stat.craftItem.minecraft.crafting_table":1,"stat.furnaceInteraction":4,"stat.drop.minecraft.dirt":3,"stat.pickup.minecraft.log":7,"stat.jump":184,"stat.swimOneCm":1817,"stat.fallOneCm":96056,"stat.useItem.minecraft.cooked_mutton":2,"stat.pickup.minecraft.furnace":1,"stat.craftItem.minecraft.stone_slab2":0,"stat.useItem.minecraft.stone_axe":19,"stat.crouchOneCm":4382,"stat.pickup.minecraft.chicken":3,"stat.pickup.minecraft.dirt":3,"stat.sprintOneCm":6410,"stat.useItem.minecraft.stone_slab2":3,"stat.craftItem.minecraft.stick":20,"stat.craftingTableInteraction":3,"stat.craftItem.minecraft.furnace":1,"stat.craftItem.minecraft.planks":28,"stat.killEntity.Chicken":3,"stat.craftItem.minecraft.stone_axe":1,"stat.damageTaken":9453,"stat.mineBlock.minecraft.crafting_table":2,"stat.pickup.minecraft.feather":4,"stat.mineBlock.minecraft.furnace":1,"stat.craftItem.minecraft.stone_pickaxe":1,"stat.useItem.minecraft.wooden_pickaxe":24,"stat.mobKills":18,"stat.pickup.minecraft.cobblestone":23,"stat.mineBlock.minecraft.log":7,"stat.pickup.minecraft.planks":9,"stat.useItem.carryon.entity_item":1,"stat.craftItem.minecraft.stone_sword":1,"stat.flyOneCm":6127,"stat.deaths":1,"stat.drop":3,"stat.pickup.minecraft.egg":1,"stat.playOneMinute":25756,"stat.killEntity.Sheep":15,"stat.sneakTime":1608,"stat.pickup.minecraft.wool":15,"stat.damageDealt":1600,"stat.timeSinceDeath":21137,"stat.pickup.zawa.care_guide":1,"stat.craftItem.minecraft.wooden_pickaxe":1,"stat.mineBlock.minecraft.stone":23,"stat.mineBlock.minecraft.tallgrass":1,"stat.craftItem.minecraft.cooked_mutton":2,"stat.diveOneCm":6653,"stat.pickup.minecraft.mutton":21}