{"stat.pickup.minecraft.bone":11,"stat.leaveGame":4,"stat.pickup.minecraft.flint":2,"stat.craftItem.zawa.reptile_meat_cooked":2,"stat.mineBlock.minecraft.sandstone":11,"stat.useItem.byg.mahogany_planks":22,"stat.swimOneCm":36624,"stat.pickup.zawa.worm":3,"stat.craftItem.minecraft.shield":1,"stat.pickup.minecraft.porkchop":14,"stat.useItem.minecraft.dirt":1,"stat.useItem.minecraft.stone_slab2":26,"stat.pickup.minecraft.bow":1,"stat.useItem.minecraft.water_bucket":24,"stat.pickup.minecraft.rotten_flesh":6,"stat.pickup.minecraft.sand":38,"stat.craftItem.minecraft.furnace":2,"stat.craftItem.minecraft.stone_axe":1,"stat.craftItem.minecraft.iron_boots":1,"stat.craftItem.minecraft.stone_pickaxe":6,"stat.mineBlock.byg.mahogany_log":39,"stat.pickup.minecraft.cobblestone":437,"stat.craftItem.minecraft.stone_sword":1,"stat.flyOneCm":330285,"stat.pickup.minecraft.sandstone":11,"stat.mineBlock.minecraft.sand":22,"stat.mineBlock.byg.scoria":209,"stat.drop.minecraft.wheat_seeds":2,"stat.pickup.rustic.slate":2,"stat.pickup.minecraft.redstone":87,"stat.mineBlock.minecraft.iron_ore":252,"stat.timeSinceDeath":210679,"stat.useItem.minecraft.iron_pickaxe":925,"stat.drop.minecraft.log":2,"stat.craftItem.minecraft.wooden_pickaxe":1,"stat.pickup.minecraft.mutton":8,"stat.drop.rustic.chili_pepper_seeds":1,"stat.killEntity.Bat":1,"stat.craftItem.minecraft.bed":1,"stat.furnaceInteraction":66,"stat.useItem.minecraft.cooked_porkchop":14,"stat.mineBlock.minecraft.coal_ore":320,"stat.pickup.minecraft.wooden_button":1,"stat.killEntity.Creeper":1,"stat.pickup.minecraft.string":4,"stat.useItem.minecraft.cooked_mutton":8,"stat.pickup.minecraft.furnace":1,"stat.pickup.tombstone.crafting_ingredient":2,"stat.pickup.byg.mahogany_log":38,"stat.craftItem.minecraft.stone_slab2":0,"stat.sprintOneCm":424453,"stat.drop.rustic.tomato_seeds":1,"stat.craftItem.minecraft.stick":124,"stat.mineBlock.byg.tamreliteore":2,"stat.mineBlock.byg.orchardleavesapple":2,"stat.mineBlock.minecraft.diamond_ore":6,"stat.mineBlock.minecraft.crafting_table":5,"stat.useItem.minecraft.diamond_pickaxe":2,"stat.drop":8,"stat.playOneMinute":210679,"stat.killEntity.Sheep":6,"stat.craftItem.minecraft.iron_pickaxe":4,"stat.craftItem.minecraft.diamond_pickaxe":1,"stat.pickup.zawa.raw_crab_leg":3,"stat.killEntity.Zombie":9,"stat.pickup.zawa.care_guide":1,"stat.mineBlock.minecraft.gold_ore":22,"stat.mineBlock.minecraft.tallgrass":7,"stat.craftItem.minecraft.cooked_mutton":8,"stat.diveOneCm":21902,"stat.chestOpened":93,"stat.useItem.minecraft.stone":6,"stat.pickup.minecraft.gravel":29,"stat.pickup.minecraft.arrow":7,"stat.craftItem.minecraft.cooked_porkchop":14,"stat.mineBlock.byg.jacarandaleaves":6,"stat.useItem.minecraft.apple":11,"stat.mineBlock.rustic.slate":2,"stat.drop.minecraft.apple":1,"stat.pickup.byg.soapstone":59,"stat.jump":3014,"stat.pickup.byg.tamrelitegem":2,"stat.pickup.minecraft.coal":318,"stat.fallOneCm":50291,"stat.useItem.minecraft.stone_axe":71,"stat.pickup.minecraft.gunpowder":1,"stat.crouchOneCm":26611,"stat.mineBlock.minecraft.chest":2,"stat.pickup.minecraft.spider_eye":2,"stat.craftItem.minecraft.torch":220,"stat.craftItem.minecraft.chest":4,"stat.craftItem.minecraft.iron_ingot":252,"stat.pickup.byg.scoria":207,"stat.pickup.minecraft.dirt":31,"stat.craftItem.minecraft.iron_helmet":1,"stat.useItem.zawa.reptile_meat_cooked":2,"stat.craftingTableInteraction":24,"stat.pickup.minecraft.iron_ore":252,"stat.boatOneCm":386319,"stat.pickup.minecraft.gold_ore":22,"stat.mineBlock.minecraft.lapis_ore":20,"stat.useItem.byg.scoria":23,"stat.pickup.rustic.tomato_seeds":1,"stat.damageTaken":1451,"stat.craftItem.byg.mahogany_planks":152,"stat.craftItem.minecraft.wooden_button":1,"stat.mineBlock.minecraft.furnace":1,"stat.mineBlock.minecraft.torch":18,"stat.useItem.minecraft.wooden_pickaxe":59,"stat.pickup.minecraft.dye":126,"stat.pickup.minecraft.reeds":5,"stat.pickup.minecraft.bed":1,"tombstone:undead_killed":12,"stat.pickup.minecraft.wheat_seeds":2,"stat.craftItem.zawa.cooked_crab_leg":3,"stat.mineBlock.minecraft.gravel":17,"stat.useItem.minecraft.stone_pickaxe":485,"stat.useItem.minecraft.stone_sword":108,"stat.craftItem.minecraft.iron_leggings":1,"stat.damageDealt":4739,"stat.sleepInBed":3,"stat.useItem.minecraft.crafting_table":3,"stat.mineBlock.minecraft.dirt":19,"stat.killEntity.Pig":8,"stat.mineBlock.byg.mahogany_leaves":2,"stat.pickup.minecraft.boat":3,"stat.walkOneCm":530568,"stat.useItem.minecraft.torch":214,"stat.useItem.minecraft.chest":4,"stat.mineBlock.byg.greatoaklog":12,"stat.pickup.minecraft.stick":5,"stat.pickup.minecraft.crafting_table":5,"stat.useItem.minecraft.cobblestone":2,"stat.craftItem.minecraft.crafting_table":1,"stat.craftItem.minecraft.boat":1,"stat.pickup.minecraft.log":10,"stat.craftItem.byg.greatoakplanks":48,"stat.useItem.zawa.cooked_crab_leg":3,"stat.craftItem.minecraft.gold_ingot":11,"stat.pickup.minecraft.stone":113,"stat.craftItem.minecraft.iron_chestplate":1,"stat.drop.minecraft.sapling":1,"stat.pickup.minecraft.sapling":1,"stat.pickup.minecraft.apple":2,"stat.killEntity.Skeleton":3,"stat.craftItem.minecraft.bucket":1,"stat.craftItem.minecraft.planks":32,"stat.mineBlock.byg.soapstone":59,"stat.killEntity.Spider":2,"stat.pickup.byg.greatoaklog":12,"stat.mobKills":32,"stat.mineBlock.minecraft.log":8,"stat.craftItem.minecraft.wooden_door":3,"stat.useItem.minecraft.wooden_door":1,"stat.useItem.minecraft.boat":4,"stat.pickup.minecraft.diamond":6,"stat.mineBlock.minecraft.leaves":7,"stat.pickup.minecraft.torch":25,"stat.pickup.minecraft.red_flower":1,"stat.mineBlock.minecraft.redstone_ore":19,"stat.sneakTime":9370,"stat.pickup.minecraft.wool":7,"stat.pickup.rustic.chili_pepper_seeds":1,"stat.mineBlock.minecraft.stone":545,"stat.pickup.minecraft.chest":2,"stat.useItem.minecraft.sandstone":1}