{"stat.chestOpened":42,"stat.pickup.minecraft.bone":7,"stat.useItem.minecraft.iron_axe":168,"stat.leaveGame":11,"stat.pickup.byg.pinkanemone":1,"stat.pickup.minecraft.arrow":10,"stat.mineBlock.minecraft.cobblestone":8,"stat.pickup.rustic.chamomile":3,"stat.craftItem.minecraft.iron_axe":1,"stat.jump":1839,"stat.swimOneCm":7700,"stat.pickup.zawa.worm":2,"stat.pickup.minecraft.coal":123,"stat.fallOneCm":127600,"stat.useItem.minecraft.planks":745,"stat.craftItem.minecraft.shield":1,"stat.useItem.minecraft.stone_axe":110,"stat.crouchOneCm":98707,"stat.craftItem.minecraft.torch":52,"stat.craftItem.minecraft.chest":4,"stat.craftItem.minecraft.iron_ingot":3,"stat.pickup.minecraft.dirt":47,"stat.useItem.minecraft.stone_slab2":44,"stat.pickup.minecraft.bow":1,"stat.craftingTableInteraction":14,"stat.pickup.minecraft.iron_ore":71,"stat.pickup.minecraft.rotten_flesh":3,"stat.pickup.minecraft.sand":11,"stat.craftItem.minecraft.furnace":1,"stat.useItem.minecraft.red_flower":1,"stat.boatOneCm":74192,"stat.entityKilledBy.Spider":1,"stat.pickup.rustic.tomato_seeds":1,"stat.useItem.minecraft.egg":3,"stat.craftItem.minecraft.stone_axe":1,"stat.craftItem.minecraft.spruce_boat":1,"stat.drop.zawa.worm":1,"stat.damageTaken":11056,"stat.pickup.minecraft.feather":5,"stat.pickup.minecraft.leather":4,"stat.mineBlock.minecraft.furnace":1,"stat.craftItem.minecraft.stone_pickaxe":4,"stat.mineBlock.minecraft.torch":4,"stat.useItem.minecraft.wooden_pickaxe":58,"stat.craftItem.minecraft.cooked_beef":5,"stat.pickup.minecraft.cobblestone":295,"stat.mineBlock.minecraft.sapling":1,"stat.pickup.minecraft.planks":51,"stat.craftItem.minecraft.stone_sword":1,"stat.flyOneCm":232790,"stat.pickup.minecraft.bed":3,"tombstone:undead_killed":12,"stat.pickup.minecraft.wheat_seeds":2,"stat.mineBlock.minecraft.sand":11,"stat.drop.minecraft.wheat_seeds":2,"stat.useItem.minecraft.stone_pickaxe":394,"stat.useItem.minecraft.stone_sword":78,"stat.craftItem.minecraft.iron_leggings":1,"stat.damageDealt":4797,"stat.sleepInBed":6,"stat.timeSinceDeath":81969,"stat.killEntity.Cow":3,"stat.mineBlock.minecraft.dirt":59,"stat.useItem.minecraft.iron_pickaxe":7,"stat.craftItem.minecraft.wooden_pickaxe":1,"stat.pickup.minecraft.mutton":27,"stat.walkOneCm":330657,"stat.craftItem.minecraft.bed":4,"stat.useItem.minecraft.torch":57,"stat.playerKills":1,"stat.useItem.minecraft.chest":3,"stat.drop.rustic.chamomile":3,"stat.drop.tombstone.crafting_ingredient":2,"stat.drop.minecraft.rotten_flesh":2,"stat.pickup.minecraft.crafting_table":4,"stat.useItem.minecraft.log":1,"stat.useItem.minecraft.cobblestone":106,"stat.craftItem.minecraft.crafting_table":2,"stat.furnaceInteraction":29,"stat.drop.minecraft.dirt":5,"stat.pickup.rustic.sapling":1,"stat.killEntity.ZombieVillager":1,"stat.mineBlock.byg.rocky_grass":2,"stat.mineBlock.minecraft.coal_ore":125,"stat.useItem.minecraft.spruce_boat":1,"stat.pickup.minecraft.log":218,"stat.pickup.minecraft.beef":6,"stat.useItem.minecraft.cooked_mutton":25,"stat.pickup.minecraft.furnace":1,"stat.useItem.tombstone.gift":1,"stat.pickup.tombstone.crafting_ingredient":3,"stat.craftItem.minecraft.stone_slab2":0,"stat.useItem.zawa.cooked_frog_leg":3,"stat.pickup.byg.reeds":2,"stat.pickup.minecraft.stone":26,"stat.craftItem.minecraft.iron_chestplate":1,"stat.drop.minecraft.sapling":1,"stat.pickup.minecraft.chicken":4,"stat.pickup.minecraft.sapling":4,"stat.drop.minecraft.egg":2,"stat.sprintOneCm":240982,"stat.drop.rustic.tomato_seeds":1,"stat.craftItem.minecraft.stick":32,"stat.drop.byg.reeds":2,"stat.killEntity.Skeleton":7,"stat.mineBlock.byg.spruceleavesblue":5,"stat.craftItem.minecraft.planks":808,"stat.pickup.minecraft.stone_stairs":1,"stat.killEntity.Chicken":4,"stat.mineBlock.minecraft.crafting_table":4,"stat.killEntity.Spider":2,"stat.craftItem.zawa.cooked_frog_leg":3,"stat.mobKills":40,"stat.mineBlock.minecraft.log":218,"stat.useItem.carryon.entity_item":13,"stat.deaths":2,"stat.mineBlock.minecraft.planks":44,"stat.drop":21,"stat.pickup.minecraft.egg":5,"stat.mineBlock.minecraft.leaves":30,"stat.playOneMinute":149670,"stat.pickup.minecraft.torch":6,"stat.killEntity.Sheep":19,"stat.pickup.minecraft.red_flower":2,"stat.sneakTime":23336,"stat.pickup.minecraft.wool":19,"stat.pickup.minecraft.spruce_boat":1,"stat.killEntity.Zombie":4,"stat.pickup.zawa.care_guide":1,"stat.mineBlock.minecraft.stone":318,"stat.mineBlock.minecraft.tallgrass":24,"stat.craftItem.minecraft.cooked_mutton":42,"stat.diveOneCm":17084}