{"stat.pickup.minecraft.bone":3,"stat.leaveGame":2,"stat.pickup.minecraft.arrow":2,"stat.useItem.minecraft.apple":9,"stat.drop.minecraft.apple":1,"stat.swimOneCm":911,"stat.jump":588,"stat.pickup.minecraft.coal":66,"stat.fallOneCm":11031,"stat.useItem.minecraft.stone_axe":21,"stat.pickup.minecraft.porkchop":14,"stat.crouchOneCm":7779,"stat.pickup.minecraft.dirt":1,"stat.useItem.minecraft.stone_slab2":2,"stat.craftingTableInteraction":6,"stat.pickup.minecraft.sand":1,"stat.craftItem.minecraft.furnace":1,"stat.boatOneCm":25085,"stat.craftItem.minecraft.stone_axe":1,"stat.damageTaken":357,"stat.craftItem.minecraft.stone_pickaxe":1,"stat.mineBlock.minecraft.furnace":1,"stat.useItem.minecraft.wooden_pickaxe":27,"stat.pickup.minecraft.cobblestone":18,"stat.pickup.minecraft.reeds":2,"stat.craftItem.minecraft.stone_sword":1,"stat.flyOneCm":113704,"stat.pickup.minecraft.wheat_seeds":1,"stat.mineBlock.minecraft.sand":1,"stat.craftItem.zawa.cooked_crab_leg":3,"stat.drop.minecraft.wheat_seeds":1,"stat.useItem.minecraft.stone_pickaxe":62,"stat.useItem.minecraft.stone_sword":22,"stat.damageDealt":1060,"stat.timeSinceDeath":29804,"stat.useItem.minecraft.crafting_table":2,"stat.mineBlock.minecraft.dirt":1,"stat.craftItem.minecraft.wooden_pickaxe":1,"stat.killEntity.Pig":8,"stat.pickup.minecraft.mutton":3,"stat.drop.rustic.chili_pepper_seeds":1,"stat.pickup.minecraft.boat":1,"stat.walkOneCm":77630,"stat.craftItem.minecraft.bed":1,"stat.mineBlock.byg.greatoaklog":12,"stat.pickup.minecraft.stick":5,"stat.pickup.minecraft.crafting_table":4,"stat.craftItem.minecraft.crafting_table":1,"stat.furnaceInteraction":4,"stat.mineBlock.minecraft.coal_ore":67,"stat.craftItem.minecraft.boat":1,"stat.pickup.minecraft.log":6,"stat.useItem.minecraft.cooked_mutton":3,"stat.pickup.minecraft.furnace":1,"stat.useItem.zawa.cooked_crab_leg":1,"stat.craftItem.minecraft.stone_slab2":0,"stat.sprintOneCm":71082,"stat.pickup.minecraft.apple":2,"stat.craftItem.minecraft.stick":12,"stat.mineBlock.byg.orchardleavesapple":2,"stat.craftItem.minecraft.planks":24,"stat.mineBlock.minecraft.crafting_table":4,"stat.pickup.byg.greatoaklog":12,"stat.mobKills":10,"stat.mineBlock.minecraft.log":6,"stat.useItem.minecraft.boat":1,"stat.drop":3,"stat.mineBlock.minecraft.leaves":1,"stat.playOneMinute":29804,"stat.killEntity.Sheep":2,"stat.sneakTime":3008,"stat.pickup.minecraft.wool":3,"stat.pickup.rustic.chili_pepper_seeds":1,"stat.pickup.zawa.raw_crab_leg":3,"stat.pickup.zawa.care_guide":1,"stat.mineBlock.minecraft.stone":21,"stat.mineBlock.minecraft.tallgrass":7,"stat.craftItem.minecraft.cooked_mutton":3,"stat.diveOneCm":1428}