{"stat.leaveGame":8,"stat.mineBlock.minecraft.sandstone":56,"stat.pickup.zawa.worm":17,"stat.craftItem.minecraft.shield":1,"stat.pickup.minecraft.porkchop":14,"stat.useItem.minecraft.water_bucket":25,"stat.pickup.minecraft.rotten_flesh":6,"stat.pickup.minecraft.sand":598,"stat.craftItem.minecraft.stone_axe":1,"stat.mineBlock.byg.mahogany_log":82,"stat.craftItem.minecraft.stone_sword":1,"stat.craftItem.minecraft.iron_shovel":5,"stat.pickup.minecraft.brown_mushroom":1,"stat.mineBlock.minecraft.sand":583,"stat.mineBlock.byg.scoria":209,"stat.craftItem.minecraft.cooked_fish":20,"stat.useItem.minecraft.iron_pickaxe":1157,"stat.craftItem.minecraft.wooden_pickaxe":1,"stat.useItem.minecraft.iron_shovel":881,"stat.craftItem.minecraft.bed":1,"stat.furnaceInteraction":81,"stat.pickup.minecraft.wooden_button":1,"stat.pickup.minecraft.beef":7,"stat.useItem.minecraft.cooked_mutton":8,"stat.pickup.minecraft.furnace":1,"stat.pickup.byg.mahogany_log":78,"stat.mineBlock.byg.orchardleavesapple":2,"stat.playOneMinute":295340,"stat.craftItem.minecraft.iron_pickaxe":5,"stat.pickup.zawa.raw_crab_leg":3,"stat.pickup.zawa.care_guide":1,"stat.mineBlock.minecraft.tallgrass":12,"stat.craftItem.minecraft.cooked_mutton":8,"stat.fishCaught":22,"stat.chestOpened":124,"stat.useItem.minecraft.stone":19,"stat.pickup.minecraft.arrow":8,"stat.mineBlock.byg.jacarandaleaves":6,"stat.mineBlock.rustic.slate":2,"stat.pickup.byg.tamrelitegem":2,"stat.fallOneCm":77592,"stat.crouchOneCm":41239,"stat.mineBlock.minecraft.chest":2,"stat.craftItem.minecraft.chest":4,"stat.craftItem.minecraft.iron_ingot":252,"stat.craftingTableInteraction":29,"stat.craftItem.byg.mahogany_planks":152,"stat.craftItem.minecraft.wooden_button":1,"stat.pickup.minecraft.dye":126,"stat.pickup.minecraft.wheat_seeds":3,"stat.craftItem.zawa.cooked_crab_leg":3,"stat.mineBlock.minecraft.gravel":17,"stat.useItem.minecraft.stone_pickaxe":485,"stat.useItem.minecraft.stone_sword":136,"stat.craftItem.minecraft.iron_leggings":1,"stat.mineBlock.minecraft.dirt":359,"stat.mineBlock.byg.mahogany_leaves":48,"stat.useItem.minecraft.torch":215,"stat.mineBlock.byg.greatoaklog":12,"stat.pickup.minecraft.crafting_table":5,"stat.useItem.minecraft.cobblestone":2,"stat.craftItem.minecraft.crafting_table":1,"stat.mineBlock.minecraft.double_plant":1,"stat.craftItem.minecraft.boat":1,"stat.pickup.minecraft.log":10,"stat.useItem.minecraft.cooked_fish":19,"stat.craftItem.minecraft.gold_ingot":22,"stat.drop.minecraft.sapling":1,"stat.pickup.minecraft.sapling":1,"stat.pickup.minecraft.apple":2,"stat.drop.minecraft.fish":1,"stat.craftItem.minecraft.bucket":1,"stat.craftItem.minecraft.planks":32,"stat.craftItem.minecraft.fishing_rod":1,"stat.pickup.byg.greatoaklog":12,"stat.mineBlock.minecraft.log":8,"stat.craftItem.minecraft.wooden_door":3,"stat.useItem.carryon.entity_item":5,"stat.useItem.minecraft.wooden_door":1,"stat.pickup.minecraft.red_flower":1,"stat.mineBlock.byg.pineleaves":10,"stat.sneakTime":12979,"stat.pickup.minecraft.wool":10,"stat.pickup.rustic.chili_pepper_seeds":1,"stat.pickup.minecraft.yellow_flower":1,"stat.useItem.minecraft.fishing_rod":46,"stat.pickup.minecraft.chest":2,"stat.pickup.minecraft.tripwire_hook":1,"stat.pickup.minecraft.bone":13,"stat.mineBlock.minecraft.cobblestone":8,"stat.pickup.minecraft.flint":2,"stat.craftItem.zawa.reptile_meat_cooked":2,"stat.useItem.byg.mahogany_planks":22,"stat.swimOneCm":60034,"stat.climbOneCm":1068,"stat.drop.minecraft.cobblestone":5,"stat.useItem.minecraft.dirt":9,"stat.useItem.minecraft.stone_slab2":33,"stat.pickup.minecraft.bow":2,"stat.craftItem.minecraft.furnace":2,"stat.craftItem.minecraft.iron_boots":1,"stat.craftItem.minecraft.stone_pickaxe":6,"stat.pickup.minecraft.cobblestone":521,"stat.flyOneCm":506451,"stat.useItem.tombstone.scroll_buff":13,"stat.pickup.minecraft.sandstone":56,"stat.pickup.minecraft.fish":22,"stat.drop.minecraft.wheat_seeds":3,"stat.pickup.rustic.slate":2,"stat.pickup.minecraft.redstone":87,"stat.mineBlock.minecraft.iron_ore":260,"stat.timeSinceDeath":295340,"stat.drop.minecraft.log":2,"stat.pickup.minecraft.mutton":12,"stat.drop.rustic.chili_pepper_seeds":1,"stat.killEntity.Bat":1,"stat.drop.minecraft.dirt":4,"stat.useItem.minecraft.cooked_porkchop":14,"stat.mineBlock.minecraft.coal_ore":340,"stat.killEntity.Creeper":1,"stat.talkedToVillager":1,"stat.pickup.minecraft.string":4,"stat.pickup.tombstone.crafting_ingredient":2,"stat.craftItem.minecraft.stone_slab2":0,"stat.sprintOneCm":543127,"stat.drop.rustic.tomato_seeds":1,"stat.craftItem.minecraft.stick":124,"stat.mineBlock.byg.tamreliteore":2,"stat.mineBlock.minecraft.diamond_ore":6,"stat.mineBlock.minecraft.crafting_table":5,"stat.useItem.minecraft.diamond_pickaxe":2,"stat.drop":19,"stat.killEntity.Sheep":9,"stat.craftItem.minecraft.diamond_pickaxe":1,"stat.killEntity.Zombie":10,"stat.mineBlock.minecraft.gold_ore":22,"stat.diveOneCm":36160,"stat.pickup.minecraft.gravel":29,"stat.craftItem.minecraft.cooked_porkchop":14,"stat.useItem.minecraft.apple":11,"stat.drop.minecraft.apple":1,"stat.pickup.byg.soapstone":59,"stat.jump":4267,"stat.useItem.minecraft.sand":59,"stat.pickup.minecraft.coal":338,"stat.useItem.minecraft.stone_axe":122,"stat.pickup.minecraft.gunpowder":1,"stat.pickup.minecraft.spider_eye":2,"stat.craftItem.minecraft.torch":220,"stat.pickup.byg.scoria":207,"stat.pickup.minecraft.dirt":370,"stat.craftItem.minecraft.iron_helmet":1,"stat.useItem.zawa.reptile_meat_cooked":2,"stat.pickup.minecraft.iron_ore":260,"stat.boatOneCm":415119,"stat.pickup.minecraft.gold_ore":22,"stat.mineBlock.minecraft.lapis_ore":20,"stat.useItem.byg.scoria":23,"stat.pickup.rustic.tomato_seeds":1,"stat.damageTaken":1737,"stat.pickup.minecraft.leather":5,"stat.mineBlock.minecraft.furnace":1,"stat.mineBlock.minecraft.torch":18,"stat.useItem.minecraft.wooden_pickaxe":59,"stat.pickup.minecraft.reeds":5,"stat.pickup.minecraft.bed":1,"tombstone:undead_killed":15,"stat.useItem.forge.bucketfilled":1,"stat.damageDealt":5948,"stat.sleepInBed":6,"stat.killEntity.Cow":4,"stat.useItem.minecraft.crafting_table":3,"stat.killEntity.Pig":8,"stat.pickup.minecraft.boat":4,"stat.walkOneCm":730714,"stat.useItem.minecraft.chest":4,"stat.pickup.minecraft.stick":5,"stat.craftItem.byg.greatoakplanks":48,"stat.useItem.zawa.cooked_crab_leg":3,"stat.pickup.minecraft.stone":185,"stat.craftItem.minecraft.iron_chestplate":1,"stat.killEntity.Skeleton":5,"stat.mineBlock.byg.soapstone":59,"stat.killEntity.Spider":2,"stat.mobKills":42,"stat.useItem.minecraft.boat":4,"stat.pickup.minecraft.diamond":6,"stat.mineBlock.minecraft.leaves":7,"stat.pickup.minecraft.torch":25,"stat.mineBlock.minecraft.redstone_ore":19,"stat.mineBlock.minecraft.stone":696,"stat.useItem.minecraft.sandstone":1}