{"stat.pickup.minecraft.bone":6,"stat.leaveGame":3,"stat.pickup.minecraft.flint":2,"stat.mineBlock.minecraft.sandstone":11,"stat.useItem.byg.mahogany_planks":22,"stat.swimOneCm":15768,"stat.pickup.zawa.worm":1,"stat.craftItem.minecraft.shield":1,"stat.pickup.minecraft.porkchop":14,"stat.useItem.minecraft.dirt":1,"stat.useItem.minecraft.stone_slab2":22,"stat.useItem.minecraft.water_bucket":19,"stat.pickup.minecraft.rotten_flesh":2,"stat.pickup.minecraft.sand":38,"stat.craftItem.minecraft.furnace":2,"stat.craftItem.minecraft.stone_axe":1,"stat.craftItem.minecraft.iron_boots":1,"stat.craftItem.minecraft.stone_pickaxe":6,"stat.mineBlock.byg.mahogany_log":39,"stat.pickup.minecraft.cobblestone":365,"stat.craftItem.minecraft.stone_sword":1,"stat.flyOneCm":180106,"stat.pickup.minecraft.sandstone":11,"stat.mineBlock.minecraft.sand":22,"stat.mineBlock.byg.scoria":154,"stat.drop.minecraft.wheat_seeds":1,"stat.pickup.rustic.slate":2,"stat.pickup.minecraft.redstone":87,"stat.mineBlock.minecraft.iron_ore":150,"stat.timeSinceDeath":134251,"stat.useItem.minecraft.iron_pickaxe":547,"stat.craftItem.minecraft.wooden_pickaxe":1,"stat.pickup.minecraft.mutton":8,"stat.drop.rustic.chili_pepper_seeds":1,"stat.killEntity.Bat":1,"stat.craftItem.minecraft.bed":1,"stat.furnaceInteraction":44,"stat.useItem.minecraft.cooked_porkchop":7,"stat.mineBlock.minecraft.coal_ore":218,"stat.pickup.minecraft.wooden_button":1,"stat.killEntity.Creeper":1,"stat.pickup.minecraft.string":2,"stat.useItem.minecraft.cooked_mutton":3,"stat.pickup.minecraft.furnace":1,"stat.pickup.byg.mahogany_log":38,"stat.craftItem.minecraft.stone_slab2":0,"stat.sprintOneCm":219475,"stat.craftItem.minecraft.stick":124,"stat.mineBlock.byg.tamreliteore":2,"stat.mineBlock.byg.orchardleavesapple":2,"stat.mineBlock.minecraft.diamond_ore":6,"stat.mineBlock.minecraft.crafting_table":5,"stat.useItem.minecraft.diamond_pickaxe":2,"stat.drop":3,"stat.playOneMinute":134251,"stat.killEntity.Sheep":6,"stat.craftItem.minecraft.iron_pickaxe":4,"stat.craftItem.minecraft.diamond_pickaxe":1,"stat.pickup.zawa.raw_crab_leg":3,"stat.killEntity.Zombie":4,"stat.pickup.zawa.care_guide":1,"stat.mineBlock.minecraft.gold_ore":11,"stat.mineBlock.minecraft.tallgrass":7,"stat.craftItem.minecraft.cooked_mutton":8,"stat.diveOneCm":14297,"stat.chestOpened":68,"stat.useItem.minecraft.stone":4,"stat.pickup.minecraft.gravel":28,"stat.pickup.minecraft.arrow":4,"stat.craftItem.minecraft.cooked_porkchop":14,"stat.mineBlock.byg.jacarandaleaves":6,"stat.useItem.minecraft.apple":11,"stat.mineBlock.rustic.slate":2,"stat.drop.minecraft.apple":1,"stat.pickup.byg.soapstone":48,"stat.jump":1755,"stat.pickup.byg.tamrelitegem":2,"stat.pickup.minecraft.coal":216,"stat.fallOneCm":24087,"stat.useItem.minecraft.stone_axe":71,"stat.pickup.minecraft.gunpowder":1,"stat.crouchOneCm":19113,"stat.mineBlock.minecraft.chest":2,"stat.pickup.minecraft.spider_eye":1,"stat.craftItem.minecraft.torch":220,"stat.craftItem.minecraft.chest":4,"stat.craftItem.minecraft.iron_ingot":115,"stat.pickup.byg.scoria":153,"stat.pickup.minecraft.dirt":7,"stat.craftItem.minecraft.iron_helmet":1,"stat.craftingTableInteraction":23,"stat.pickup.minecraft.iron_ore":150,"stat.boatOneCm":175752,"stat.pickup.minecraft.gold_ore":11,"stat.mineBlock.minecraft.lapis_ore":12,"stat.useItem.byg.scoria":23,"stat.damageTaken":729,"stat.craftItem.byg.mahogany_planks":152,"stat.craftItem.minecraft.wooden_button":1,"stat.mineBlock.minecraft.furnace":1,"stat.mineBlock.minecraft.torch":16,"stat.useItem.minecraft.wooden_pickaxe":59,"stat.pickup.minecraft.dye":80,"stat.pickup.minecraft.reeds":5,"stat.pickup.minecraft.bed":1,"tombstone:undead_killed":5,"stat.pickup.minecraft.wheat_seeds":1,"stat.craftItem.zawa.cooked_crab_leg":3,"stat.mineBlock.minecraft.gravel":16,"stat.useItem.minecraft.stone_pickaxe":485,"stat.useItem.minecraft.stone_sword":61,"stat.craftItem.minecraft.iron_leggings":1,"stat.damageDealt":2913,"stat.sleepInBed":2,"stat.useItem.minecraft.crafting_table":3,"stat.mineBlock.minecraft.dirt":7,"stat.killEntity.Pig":8,"stat.mineBlock.byg.mahogany_leaves":2,"stat.pickup.minecraft.boat":3,"stat.walkOneCm":331920,"stat.useItem.minecraft.torch":162,"stat.useItem.minecraft.chest":4,"stat.mineBlock.byg.greatoaklog":12,"stat.pickup.minecraft.stick":5,"stat.pickup.minecraft.crafting_table":5,"stat.useItem.minecraft.cobblestone":2,"stat.craftItem.minecraft.crafting_table":1,"stat.craftItem.minecraft.boat":1,"stat.pickup.minecraft.log":8,"stat.craftItem.byg.greatoakplanks":48,"stat.useItem.zawa.cooked_crab_leg":3,"stat.craftItem.minecraft.gold_ingot":11,"stat.pickup.minecraft.stone":95,"stat.craftItem.minecraft.iron_chestplate":1,"stat.pickup.minecraft.apple":2,"stat.killEntity.Skeleton":1,"stat.craftItem.minecraft.bucket":1,"stat.craftItem.minecraft.planks":32,"stat.mineBlock.byg.soapstone":48,"stat.killEntity.Spider":1,"stat.pickup.byg.greatoaklog":12,"stat.mobKills":23,"stat.mineBlock.minecraft.log":8,"stat.craftItem.minecraft.wooden_door":3,"stat.useItem.minecraft.wooden_door":1,"stat.useItem.minecraft.boat":3,"stat.pickup.minecraft.diamond":6,"stat.mineBlock.minecraft.leaves":4,"stat.pickup.minecraft.torch":23,"stat.mineBlock.minecraft.redstone_ore":19,"stat.sneakTime":7540,"stat.pickup.minecraft.wool":7,"stat.pickup.rustic.chili_pepper_seeds":1,"stat.mineBlock.minecraft.stone":455,"stat.pickup.minecraft.chest":2,"stat.useItem.minecraft.sandstone":1}