{"stat.chestOpened":13,"stat.walkOneCm":93439,"stat.craftItem.minecraft.bed":4,"stat.useItem.minecraft.torch":5,"stat.playerKills":1,"stat.useItem.minecraft.chest":3,"stat.drop.rustic.chamomile":3,"stat.leaveGame":10,"stat.pickup.byg.pinkanemone":1,"stat.pickup.minecraft.crafting_table":3,"stat.craftItem.minecraft.crafting_table":1,"stat.furnaceInteraction":19,"stat.drop.minecraft.dirt":3,"stat.pickup.rustic.sapling":1,"stat.pickup.rustic.chamomile":3,"stat.mineBlock.byg.rocky_grass":2,"stat.mineBlock.minecraft.coal_ore":20,"stat.pickup.minecraft.log":43,"stat.jump":460,"stat.swimOneCm":3047,"stat.pickup.zawa.worm":1,"stat.pickup.minecraft.coal":19,"stat.fallOneCm":101734,"stat.pickup.minecraft.beef":6,"stat.useItem.minecraft.cooked_mutton":6,"stat.pickup.minecraft.furnace":1,"stat.craftItem.minecraft.stone_slab2":0,"stat.useItem.minecraft.stone_axe":62,"stat.pickup.minecraft.stone":12,"stat.crouchOneCm":9249,"stat.pickup.minecraft.chicken":4,"stat.craftItem.minecraft.torch":52,"stat.craftItem.minecraft.chest":4,"stat.pickup.minecraft.sapling":1,"stat.pickup.minecraft.dirt":28,"stat.drop.minecraft.egg":2,"stat.sprintOneCm":44748,"stat.useItem.minecraft.stone_slab2":16,"stat.craftItem.minecraft.stick":20,"stat.craftingTableInteraction":7,"stat.pickup.minecraft.iron_ore":2,"stat.craftItem.minecraft.furnace":1,"stat.craftItem.minecraft.planks":172,"stat.killEntity.Chicken":4,"stat.craftItem.minecraft.stone_axe":1,"stat.drop.zawa.worm":1,"stat.damageTaken":9545,"stat.mineBlock.minecraft.crafting_table":3,"stat.pickup.minecraft.feather":5,"stat.pickup.minecraft.leather":4,"stat.mineBlock.minecraft.furnace":1,"stat.craftItem.minecraft.stone_pickaxe":1,"stat.useItem.minecraft.wooden_pickaxe":58,"stat.mobKills":26,"stat.pickup.minecraft.cobblestone":152,"stat.mineBlock.minecraft.sapling":1,"stat.mineBlock.minecraft.log":43,"stat.pickup.minecraft.planks":9,"stat.useItem.carryon.entity_item":1,"stat.craftItem.minecraft.stone_sword":1,"stat.flyOneCm":34870,"stat.deaths":1,"tombstone:undead_killed":1,"stat.drop":9,"stat.pickup.minecraft.egg":2,"stat.mineBlock.minecraft.leaves":3,"stat.playOneMinute":50056,"stat.pickup.minecraft.torch":1,"stat.killEntity.Sheep":19,"stat.useItem.minecraft.stone_pickaxe":131,"stat.sneakTime":3287,"stat.useItem.minecraft.stone_sword":8,"stat.pickup.minecraft.wool":19,"stat.damageDealt":2224,"stat.sleepInBed":2,"stat.killEntity.Zombie":1,"stat.timeSinceDeath":45437,"stat.pickup.zawa.care_guide":1,"stat.killEntity.Cow":3,"stat.mineBlock.minecraft.dirt":24,"stat.craftItem.minecraft.wooden_pickaxe":1,"stat.mineBlock.minecraft.stone":167,"stat.mineBlock.minecraft.tallgrass":3,"stat.craftItem.minecraft.cooked_mutton":40,"stat.diveOneCm":13103,"stat.pickup.minecraft.mutton":27}