{"stats":{"minecraft:mined":{"minecraft:spruce_planks":1,"minecraft:jungle_leaves":11,"minecraft:granite":29,"minecraft:red_sand":1,"minecraft:jungle_log":57,"minecraft:light_gray_bed":1,"minecraft:pumpkin":2,"minecraft:flowering_azalea_leaves":1,"minecraft:azalea_leaves":2,"bunker_down:airlock_iron_door":1,"horror_element_mod:dead_pig":2,"minecraft:clay":26,"minecraft:dead_bush":6,"minecraft:cobblestone":4,"minecraft:wall_torch":9,"minecraft:birch_log":7,"bunker_down:steel_block_slab":2,"minecraft:grass":4,"minecraft:oak_log":53,"minecraft:beetroots":4,"minecraft:oak_leaves":49,"minecraft:lever":1,"minecraft:jungle_planks":15,"alexsmobs:leafcutter_ant_chamber":1,"minecraft:carrots":3,"minecraft:andesite":3,"minecraft:vine":20,"bunker_down:steel_block":6,"minecraft:stone":193,"minecraft:crafting_table":2,"minecraft:copper_ore":24,"minecraft:diorite":16,"minecraft:birch_planks":3,"minecraft:birch_leaves":1,"minecraft:coal_ore":36,"minecraft:gravel":16,"minecraft:gold_ore":21},"minecraft:killed_by":{"minecraft:zombie":4,"minecraft:player":9},"minecraft:crafted":{"minecraft:crafting_table":1,"minecraft:wooden_pickaxe":2,"minecraft:birch_planks":28,"minecraft:stick":30,"minecraft:stone_sword":1,"minecraft:wooden_sword":1,"minecraft:stone_shovel":1,"minecraft:stone_pickaxe":4,"minecraft:jungle_planks":184,"minecraft:wooden_axe":4,"minecraft:torch":8},"minecraft:dropped":{"minecraft:lantern":1,"minecraft:iron_pickaxe":1,"minecraft:gravel":17,"minecraft:stone_axe":1,"butcher:raw_pork_ham":1,"minecraft:beetroot":2,"k_turrets:gauss_turret_item":1,"minecraft:carrot":2,"tacz:attachment":1,"minecraft:iron_ingot":23,"minecraft:cobblestone":18,"alexsmobs:raw_catfish":3,"minecraft:wooden_axe":1,"tacz:modern_kinetic_gun":3,"minecraft:pumpkin":2,"minecraft:iron_axe":2,"minecraft:string":1,"butcher:raw_pork_belly":1,"minecraft:raw_copper":12,"minecraft:clay_ball":1,"minecraft:shield":2,"minecraft:spruce_trapdoor":2,"minecraft:spruce_planks":1,"minecraft:light_gray_bed":1,"bunker_down:steel_block":19,"tacz:ammo":300,"minecraft:red_sand":1,"minecraft:wooden_pickaxe":1},"minecraft:custom":{"minecraft:interact_with_crafting_table":9,"minecraft:open_barrel":8,"minecraft:leave_game":12,"minecraft:time_since_death":609226,"minecraft:sprint_one_cm":295538,"minecraft:damage_blocked_by_shield":92,"minecraft:drop":163,"minecraft:talked_to_villager":2,"minecraft:play_time":755380,"minecraft:deaths":18,"minecraft:jump":2250,"minecraft:walk_on_water_one_cm":109214,"minecraft:interact_with_furnace":16,"minecraft:interact_with_cartography_table":2,"minecraft:interact_with_loom":1,"minecraft:sleep_in_bed":8,"minecraft:damage_dealt":1876,"minecraft:player_kills":5,"minecraft:crouch_one_cm":51673,"minecraft:interact_with_smoker":5,"minecraft:mob_kills":425,"minecraft:interact_with_campfire":18,"minecraft:damage_dealt_resisted":1123,"minecraft:climb_one_cm":78022,"minecraft:walk_one_cm":960423,"minecraft:sneak_time":41392,"minecraft:walk_under_water_one_cm":372172,"minecraft:total_world_time":755380,"minecraft:pot_flower":17,"minecraft:interact_with_stonecutter":2,"minecraft:time_since_rest":157958,"minecraft:damage_taken":7799,"minecraft:trigger_trapped_chest":2,"minecraft:swim_one_cm":18009,"minecraft:fly_one_cm":2250947,"minecraft:open_chest":31,"minecraft:fall_one_cm":24016},"minecraft:picked_up":{"butcher:raw_pork_shoulder":1,"minecraft:enchanted_book":5,"minecraft:gilded_blackstone":4,"minecraft:string":1,"minecraft:raw_copper":136,"minecraft:beetroot":2,"minecraft:red_sand":2,"minecraft:spruce_planks":146,"minecraft:iron_pickaxe":16,"minecraft:melon_slice":8,"minecraft:stick":14,"minecraft:torch":46,"minecraft:porkchop":4,"tacz:attachment":1,"minecraft:diorite":42,"butcher:raw_pork_leg":1,"minecraft:light_gray_bed":4,"minecraft:rotten_flesh":117,"minecraft:tropical_fish":83,"butcher:raw_pork_belly":1,"minecraft:cobblestone":1010,"minecraft:birch_log":8,"minecraft:jungle_log":113,"minecraft:andesite":1,"bunker_down:steel_vent":2,"minecraft:flint":27,"k_turrets:gauss_bullet":101,"securitycraft:sentry":5,"minecraft:lapis_lazuli":5,"minecraft:dirt":222,"minecraft:lantern":9,"minecraft:bone":10,"butcher:raw_ribeye_steak":1,"minecraft:wheat_seeds":1,"butcher:raw_tbone_steak":1,"minecraft:raw_gold":105,"tacz:gun_smith_table":1,"minecraft:stone_hoe":1,"butcher:cow_headf":1,"minecraft:music_disc_13":1,"minecraft:jungle_planks":160,"butcher:raw_pork_ham":1,"alexsmobs:animal_dictionary":1,"minecraft:bundle":3,"butcher:butchersguidebook":1,"minecraft:soul_lantern":12,"minecraft:lever":11,"minecraft:writable_book":1,"k_turrets:gauss_turret_item":1,"minecraft:granite":56,"minecraft:bone_meal":6,"minecraft:spruce_button":4,"minecraft:emerald":4,"minecraft:bread":3,"minecraft:oak_sapling":10,"minecraft:fishing_rod":1,"minecraft:crafting_table":6,"minecraft:ladder":8,"minecraft:clay_ball":105,"minecraft:brown_mushroom":4,"minecraft:wooden_pickaxe":1,"minecraft:stone_brick_wall":1,"minecraft:chain":3,"minecraft:shield":17,"butcher:raw_sirloin_steak":1,"minecraft:iron_axe":3,"tacz:ammo":787,"minecraft:iron_shovel":1,"minecraft:beef":1,"securitycraft:reinforced_lever":1,"minecraft:jungle_sapling":2,"minecraft:iron_nugget":18,"minecraft:poppy":2,"minecraft:sugar_cane":30,"minecraft:birch_sapling":4,"minecraft:spruce_trapdoor":2,"minecraft:raw_iron":51,"butcher:pighead":1,"minecraft:glow_item_frame":2,"minecraft:copper_ingot":95,"minecraft:carrot":7,"minecraft:redstone":1,"minecraft:stone_shovel":1,"minecraft:beetroot_seeds":18,"minecraft:mutton":6,"butcher:raw_pork_loin":1,"minecraft:white_wool":3,"minecraft:birch_planks":3,"minecraft:oak_log":54,"bunker_down:airlock_iron_door":1,"minecraft:gunpowder":4,"minecraft:white_banner":1,"bunker_down:steel_block":52,"minecraft:cooked_mutton":2,"minecraft:kelp":136,"securitycraft:security_camera":2,"minecraft:iron_ingot":70,"minecraft:stone_pickaxe":4,"butcher:raw_chuck_steak":1,"minecraft:iron_sword":1,"minecraft:scaffolding":1,"minecraft:black_candle":6,"minecraft:pumpkin":4,"butcher:raw_rump_steak":1,"minecraft:gravel":40,"butcher:cowhoof":8,"minecraft:spider_eye":1,"bunker_down:steel_block_slab":6,"alexsmobs:raw_catfish":3,"minecraft:stone_axe":5,"tacz:modern_kinetic_gun":14,"minecraft:painting":6,"minecraft:oak_button":12,"minecraft:coal":123},"minecraft:killed":{"minecraft:spider":4,"minecraft:zombie_horse":11,"minecraft:guardian":10,"k_turrets:gauss_drone":2,"alexsmobs:leafcutter_ant":1,"alexsmobs:hammerhead_shark":1,"hordes:husk_player":5,"minecraft:tropical_fish":50,"minecraft:zombie_villager":4,"minecraft:salmon":2,"minecraft:sheep":1,"minecraft:zombie":127,"alexsmobs:terrapin":4,"alexsmobs:fly":2,"hordes:zombie_player":1,"alexsmobs:raccoon":1,"minecraft:phantom":2,"minecraft:drowned":133,"alexsmobs:frilled_shark":1,"minecraft:husk":56,"alexsmobs:catfish":1},"minecraft:used":{"minecraft:writable_book":1,"minecraft:red_sand":1,"minecraft:iron_shovel":9,"securitycraft:reinforced_cobblestone_stairs":294,"securitycraft:reinforced_spruce_slab":21,"securitycraft:keypad_trapdoor":4,"bunker_down:ceiling_lamp":69,"minecraft:black_carpet":45,"minecraft:decorated_pot":5,"minecraft:chest":25,"minecraft:shield":2,"minecraft:stone":755,"minecraft:iron_sword":9,"securitycraft:security_camera":10,"minecraft:rotten_flesh":22,"butcher:spitroast":9,"minecraft:jungle_planks":69,"minecraft:carrot":4,"securitycraft:reinforced_cobblestone_wall":72,"butcher:bonebarrel":2,"minecraft:obsidian":106,"butcher:emptyskinrack":1,"securitycraft:reinforced_birch_fence":26,"minecraft:netherite_shovel":216,"minecraft:lantern":206,"minecraft:grass_block":577,"minecraft:birch_sapling":1,"minecraft:netherite_hoe":25,"minecraft:tropical_fish_spawn_egg":194,"bunker_down:airlock_iron_door":1,"minecraft:birch_trapdoor":14,"securitycraft:reinforced_spruce_fence":55,"minecraft:furnace":14,"minecraft:oak_sapling":4,"butcher:freezer":10,"butcher:dolphinhead":4,"securitycraft:reinforced_stripped_oak_wood":14,"securitycraft:electrified_iron_fence":617,"minecraft:spruce_door":7,"securitycraft:reinforced_oak_wood":1,"minecraft:stone_pickaxe":294,"minecraft:wooden_pickaxe":47,"securitycraft:reinforced_redstone_lamp":66,"minecraft:smooth_quartz_stairs":125,"butcher:polarbearhead":5,"securitycraft:reinforced_glass_pane":405,"securitycraft:reinforced_deepslate":5,"securitycraft:reinforced_sticky_piston":120,"minecraft:dark_oak_trapdoor":74,"minecraft:sand":19,"butcher:bearrug":2,"minecraft:loom":3,"securitycraft:reinforced_spruce_fence_gate":2,"minecraft:sponge":17,"securitycraft:reinforced_ladder":25,"minecraft:black_bed":4,"minecraft:lightning_rod":22,"minecraft:birch_fence":38,"securitycraft:reinforced_light_gray_stained_glass_pane":1,"minecraft:lever":1,"bunker_down:steel_block":48,"securitycraft:reinforced_grass_block":34,"minecraft:melon_slice":8,"minecraft:string":67,"minecraft:stone_button":3,"minecraft:oak_pressure_plate":1,"minecraft:gravel":8,"minecraft:flowering_azalea_leaves":14,"minecraft:soul_lantern":1,"alexsmobs:spawn_egg_frilled_shark":1,"minecraft:wooden_sword":16,"butcher:skinned_cow_corpse_item":1,"minecraft:andesite":1,"minecraft:chain":5,"securitycraft:reinforced_fence_gate":2,"minecraft:bone_meal":122,"securitycraft:reinforced_oak_log":70,"securitycraft:reinforced_birch_fence_gate":1,"minecraft:stone_sword":2,"minecraft:flint_and_steel":80,"minecraft:armor_stand":1,"minecraft:stone_shovel":1,"securitycraft:reinforced_smooth_stone":1651,"minecraft:spruce_planks":67,"securitycraft:keypad_door_item":7,"minecraft:wooden_shovel":21,"securitycraft:reinforced_bookshelf":70,"minecraft:oak_door":2,"minecraft:torch":29,"minecraft:dirt":513,"minecraft:white_carpet":14,"securitycraft:reinforced_stone":266,"minecraft:granite":19,"minecraft:wooden_axe":147,"minecraft:sea_lantern":61,"securitycraft:reinforced_birch_stairs":11,"butcher:drained_pig_corpse_item":3,"securitycraft:reinforced_spruce_stairs":65,"alexsmobs:platypus_bucket":1,"securitycraft:reinforced_birch_slab":4,"minecraft:barrel":57,"butcher:largeemptyheadmount":8,"securitycraft:sentry":101,"butcher:bloodgrate":6,"minecraft:tripwire_hook":67,"securitycraft:reinforced_glass":35,"minecraft:minecart":1,"butcher:metal_tray":2,"minecraft:trapped_chest":6,"minecraft:mossy_stone_brick_wall":144,"minecraft:pumpkin":5,"minecraft:light_gray_bed":1,"minecraft:cooked_mutton":2,"minecraft:water_bucket":140,"minecraft:chiseled_bookshelf":2,"securitycraft:reinforced_oak_planks":12,"minecraft:cobblestone_stairs":15,"minecraft:birch_planks":3,"minecraft:cartography_table":9,"minecraft:blue_wool":1,"securitycraft:reinforced_iron_trapdoor":30,"securitycraft:reinforced_deepslate_brick_wall":36,"minecraft:cobblestone_slab":1,"simpleplanes:helicopter":2,"k_turrets:gauss_turret_item":1,"minecraft:glow_item_frame":27,"minecraft:rail":2,"minecraft:mangrove_trapdoor":9,"minecraft:oak_slab":4,"minecraft:tnt":50,"minecraft:crafting_table":3,"minecraft:campfire":264,"alexsmobs:spawn_egg_hammerhead_shark":1,"minecraft:painting":65,"minecraft:smoker":7,"minecraft:book":10,"minecraft:oak_log":4,"minecraft:flower_pot":17,"bunker_down:steel_block_slab":4,"securitycraft:reinforced_lever":6,"butcher:pandarug":2,"butcher:pandahead":3,"minecraft:oak_button":27,"minecraft:iron_pickaxe":49,"minecraft:spruce_trapdoor":182,"butcher:butcherstable":2,"minecraft:stone_axe":19,"securitycraft:reinforced_white_carpet":23,"securitycraft:reinforced_chain":6,"minecraft:blue_carpet":14,"butcher:turtlehead":1,"minecraft:cobblestone":27,"minecraft:white_banner":9,"minecraft:porkchop":1,"securitycraft:reinforced_birch_planks":13,"alexsmobs:animal_dictionary":1,"securitycraft:reinforced_oak_stairs":17,"minecraft:kelp":369,"minecraft:purple_carpet":2,"minecraft:birch_stairs":2},"minecraft:broken":{"minecraft:stone_pickaxe":2,"minecraft:wooden_axe":1}},"DataVersion":3465}