{"stat.useItem.minecraft.bow":2,"stat.pickup.minecraft.bone":5,"stat.leaveGame":4,"stat.mineBlock.minecraft.pumpkin":3,"stat.mineBlock.minecraft.brown_mushroom":1,"stat.swimOneCm":35503,"stat.pickup.zawa.worm":11,"stat.useItem.minecraft.planks":165,"stat.climbOneCm":5708,"stat.mineBlock.minecraft.spruce_stairs":30,"stat.pickup.minecraft.golden_boots":1,"stat.pickup.minecraft.glass":14,"stat.useItem.minecraft.dirt":122,"stat.pickup.minecraft.golden_helmet":1,"stat.useItem.minecraft.stone_slab2":42,"stat.pickup.minecraft.bow":1,"stat.pickup.minecraft.rotten_flesh":5,"stat.pickup.minecraft.sand":39,"stat.useItem.zawa.raw_frog_leg":4,"stat.mineBlock.rustic.beehive":1,"stat.drop.zawa.carnivore_meat_raw":1,"stat.pickup.zawa.carnivore_meat_raw":1,"stat.craftItem.minecraft.stone_axe":2,"stat.mineBlock.byg.oakleavesdrygreen":8,"stat.drop.rustic.wind_thistle":1,"stat.pickup.minecraft.cobblestone":10,"stat.craftItem.minecraft.stone_sword":2,"stat.flyOneCm":78792,"stat.pickup.minecraft.brown_mushroom":1,"stat.mineBlock.minecraft.sand":39,"stat.drop.minecraft.wheat_seeds":2,"stat.useItem.minecraft.cooked_beef":2,"stat.timeSinceDeath":20364,"stat.drop.minecraft.log":2,"stat.drop.minecraft.spider_eye":1,"stat.furnaceInteraction":9,"stat.mineBlock.minecraft.ladder":1,"stat.pickup.tombstone.crafting_ingredient":2,"stat.pickup.zawa.reptile_meat_raw":1,"stat.sprintOneCm":182939,"stat.pickup.minecraft.iron_chestplate":1,"stat.craftItem.minecraft.stick":8,"stat.useItem.rustic.wind_thistle":3,"stat.drop.zawa.raw_frog_leg":3,"stat.mineBlock.minecraft.crafting_table":1,"stat.useItem.minecraft.wooden_shovel":37,"stat.drop.minecraft.boat":1,"stat.mineBlock.minecraft.planks":92,"stat.deaths":3,"stat.pickup.minecraft.bowl":1,"stat.drop":26,"stat.playOneMinute":132965,"stat.craftItem.minecraft.wooden_shovel":1,"stat.killEntity.Zombie":1,"stat.pickup.zawa.care_guide":1,"stat.mineBlock.minecraft.tallgrass":12,"stat.diveOneCm":17629,"stat.pickup.minecraft.wheat":2,"stat.chestOpened":4,"stat.pickup.minecraft.pumpkin":3,"stat.mineBlock.byg.oakleavesred":4,"stat.pickup.minecraft.spruce_door":2,"stat.pickup.minecraft.arrow":5,"stat.pickup.minecraft.iron_sword":1,"stat.drop.minecraft.cooked_beef":3,"stat.useItem.minecraft.chicken":1,"stat.pickup.minecraft.stone_axe":2,"stat.useItem.minecraft.rotten_flesh":5,"stat.useItem.minecraft.sand":3,"stat.jump":1437,"stat.fallOneCm":23905,"stat.drop.minecraft.stone_sword":1,"stat.useItem.minecraft.stone_axe":344,"stat.crouchOneCm":9040,"stat.pickup.minecraft.spider_eye":1,"stat.pickup.minecraft.dirt":143,"stat.pickup.minecraft.golden_leggings":1,"stat.craftingTableInteraction":13,"stat.useItem.minecraft.glass":44,"stat.boatOneCm":85546,"stat.useItem.minecraft.sapling":3,"stat.pickup.rustic.wind_thistle":5,"stat.pickup.minecraft.iron_axe":1,"stat.drop.zawa.worm":2,"stat.damageTaken":2056,"stat.drop.minecraft.bone":5,"stat.mineBlock.minecraft.red_flower":2,"stat.mineBlock.minecraft.torch":1,"stat.pickup.zawa.raw_frog_leg":7,"stat.pickup.minecraft.planks":85,"tombstone:undead_killed":2,"stat.pickup.minecraft.wheat_seeds":3,"stat.entityKilledBy.Zombie":1,"stat.mineBlock.minecraft.glass":37,"stat.useItem.minecraft.stone_sword":44,"stat.damageDealt":1062,"stat.craftItem.minecraft.glass":36,"stat.sleepInBed":3,"stat.craftItem.minecraft.baked_potato":2,"stat.mineBlock.minecraft.dirt":144,"stat.pickup.minecraft.boat":4,"stat.walkOneCm":393183,"stat.pickup.rustic.bee":2,"stat.useItem.minecraft.bread":2,"stat.drop.tombstone.crafting_ingredient":2,"stat.useItem.minecraft.pumpkin":1,"stat.useItem.zawa.reptile_meat_raw":1,"stat.pickup.minecraft.crafting_table":2,"stat.useItem.minecraft.log":80,"stat.mineBlock.minecraft.double_plant":2,"stat.pickup.minecraft.log":185,"stat.mineBlock.byg.birchleavesyellow":3,"stat.useItem.minecraft.spruce_stairs":122,"stat.pickup.minecraft.chicken":1,"stat.pickup.minecraft.baked_potato":4,"stat.pickup.minecraft.sapling":10,"stat.pickup.minecraft.cooked_beef":5,"stat.pickup.minecraft.ladder":1,"stat.killEntity.Skeleton":1,"stat.mineBlock.byg.oakleavesorange":8,"stat.craftItem.minecraft.planks":336,"stat.killEntity.Chicken":1,"stat.pickup.minecraft.stone_sword":1,"stat.pickup.minecraft.bread":2,"stat.mobKills":4,"stat.mineBlock.minecraft.log":185,"stat.useItem.minecraft.boat":2,"stat.mineBlock.minecraft.leaves":141,"stat.pickup.minecraft.torch":1,"stat.pickup.minecraft.spruce_stairs":34,"stat.pickup.minecraft.red_flower":1,"stat.sneakTime":7218,"stat.craftItem.minecraft.spruce_stairs":104,"stat.useItem.minecraft.baked_potato":6,"stat.drop.rustic.bee":2,"stat.mineBlock.rustic.wind_thistle":4}