{"stats":{"minecraft:mined":{"minecraft:spruce_planks":1,"minecraft:jungle_leaves":11,"minecraft:lever":1,"minecraft:granite":29,"minecraft:red_sand":1,"minecraft:jungle_planks":15,"minecraft:jungle_log":57,"minecraft:light_gray_bed":1,"alexsmobs:leafcutter_ant_chamber":1,"minecraft:carrots":3,"minecraft:andesite":3,"minecraft:pumpkin":2,"minecraft:flowering_azalea_leaves":1,"minecraft:vine":20,"bunker_down:steel_block":6,"minecraft:azalea_leaves":2,"minecraft:stone":193,"bunker_down:airlock_iron_door":1,"horror_element_mod:dead_pig":2,"minecraft:clay":26,"minecraft:crafting_table":2,"minecraft:dead_bush":6,"minecraft:copper_ore":24,"minecraft:cobblestone":4,"minecraft:diorite":16,"minecraft:wall_torch":9,"minecraft:birch_planks":3,"minecraft:birch_log":7,"bunker_down:steel_block_slab":2,"minecraft:birch_leaves":1,"minecraft:grass":4,"minecraft:oak_log":53,"minecraft:coal_ore":36,"minecraft:beetroots":4,"minecraft:gravel":16,"minecraft:gold_ore":21,"minecraft:oak_leaves":49},"minecraft:killed_by":{"minecraft:player":9,"minecraft:zombie":4},"minecraft:crafted":{"minecraft:wooden_sword":1,"minecraft:stone_shovel":1,"minecraft:stone_pickaxe":4,"minecraft:crafting_table":1,"minecraft:wooden_pickaxe":2,"minecraft:birch_planks":28,"minecraft:jungle_planks":184,"minecraft:stick":30,"minecraft:wooden_axe":4,"minecraft:stone_sword":1,"minecraft:torch":8},"minecraft:custom":{"minecraft:mob_kills":155,"minecraft:interact_with_crafting_table":9,"minecraft:open_barrel":3,"minecraft:damage_dealt_resisted":1123,"minecraft:leave_game":9,"minecraft:time_since_death":323898,"minecraft:climb_one_cm":70955,"minecraft:sprint_one_cm":243892,"minecraft:walk_one_cm":693505,"minecraft:damage_blocked_by_shield":92,"minecraft:drop":160,"minecraft:talked_to_villager":2,"minecraft:play_time":470052,"minecraft:sneak_time":24719,"minecraft:deaths":18,"minecraft:walk_under_water_one_cm":110891,"minecraft:jump":1807,"minecraft:walk_on_water_one_cm":79812,"minecraft:total_world_time":470052,"minecraft:interact_with_furnace":16,"minecraft:pot_flower":2,"minecraft:sleep_in_bed":7,"minecraft:time_since_rest":112499,"minecraft:damage_taken":7799,"minecraft:trigger_trapped_chest":1,"minecraft:damage_dealt":1526,"minecraft:swim_one_cm":16994,"minecraft:player_kills":5,"minecraft:fly_one_cm":1277054,"minecraft:open_chest":28,"minecraft:crouch_one_cm":28971,"minecraft:fall_one_cm":24016},"minecraft:dropped":{"minecraft:iron_ingot":23,"minecraft:cobblestone":18,"minecraft:lantern":1,"alexsmobs:raw_catfish":3,"minecraft:wooden_axe":1,"tacz:modern_kinetic_gun":3,"minecraft:pumpkin":2,"minecraft:iron_axe":2,"minecraft:iron_pickaxe":1,"minecraft:gravel":17,"minecraft:stone_axe":1,"minecraft:raw_copper":12,"minecraft:beetroot":2,"minecraft:clay_ball":1,"k_turrets:gauss_turret_item":1,"minecraft:carrot":2,"minecraft:shield":2,"minecraft:spruce_trapdoor":2,"minecraft:spruce_planks":1,"minecraft:light_gray_bed":1,"bunker_down:steel_block":19,"tacz:ammo":300,"minecraft:red_sand":1,"minecraft:wooden_pickaxe":1,"tacz:attachment":1},"minecraft:picked_up":{"minecraft:fishing_rod":1,"minecraft:crafting_table":6,"minecraft:clay_ball":105,"minecraft:wooden_pickaxe":1,"minecraft:stone_brick_wall":1,"minecraft:enchanted_book":5,"minecraft:chain":3,"minecraft:shield":17,"minecraft:string":1,"minecraft:raw_copper":136,"minecraft:iron_axe":3,"tacz:ammo":787,"minecraft:beetroot":2,"minecraft:red_sand":2,"minecraft:spruce_planks":146,"securitycraft:reinforced_lever":1,"minecraft:jungle_sapling":2,"minecraft:iron_nugget":18,"minecraft:poppy":2,"minecraft:iron_pickaxe":16,"minecraft:melon_slice":8,"minecraft:sugar_cane":30,"minecraft:birch_sapling":4,"minecraft:spruce_trapdoor":2,"minecraft:stick":14,"minecraft:raw_iron":51,"minecraft:glow_item_frame":1,"minecraft:copper_ingot":91,"minecraft:torch":46,"tacz:attachment":1,"minecraft:diorite":42,"minecraft:carrot":7,"minecraft:redstone":1,"minecraft:rotten_flesh":80,"minecraft:stone_shovel":1,"minecraft:light_gray_bed":4,"minecraft:beetroot_seeds":18,"minecraft:mutton":6,"minecraft:white_wool":3,"minecraft:cobblestone":1010,"minecraft:birch_log":8,"minecraft:andesite":1,"minecraft:jungle_log":113,"bunker_down:steel_vent":2,"minecraft:birch_planks":3,"minecraft:flint":27,"minecraft:oak_log":54,"bunker_down:airlock_iron_door":1,"minecraft:gunpowder":4,"k_turrets:gauss_bullet":101,"minecraft:lapis_lazuli":5,"minecraft:white_banner":1,"minecraft:dirt":222,"minecraft:lantern":6,"bunker_down:steel_block":52,"minecraft:cooked_mutton":2,"minecraft:bone":8,"minecraft:raw_gold":105,"securitycraft:security_camera":2,"minecraft:stone_pickaxe":4,"minecraft:iron_ingot":70,"tacz:gun_smith_table":1,"minecraft:stone_hoe":1,"minecraft:iron_sword":1,"minecraft:pumpkin":4,"minecraft:music_disc_13":1,"minecraft:gravel":40,"minecraft:jungle_planks":160,"minecraft:spider_eye":1,"alexsmobs:animal_dictionary":1,"bunker_down:steel_block_slab":6,"minecraft:bundle":3,"alexsmobs:raw_catfish":3,"minecraft:stone_axe":5,"butcher:butchersguidebook":1,"tacz:modern_kinetic_gun":13,"minecraft:lever":10,"k_turrets:gauss_turret_item":1,"minecraft:granite":56,"minecraft:painting":4,"minecraft:spruce_button":4,"minecraft:bread":3,"minecraft:oak_button":12,"minecraft:oak_sapling":10,"minecraft:coal":123},"minecraft:killed":{"hordes:zombie_player":1,"alexsmobs:raccoon":1,"minecraft:spider":4,"minecraft:zombie_horse":1,"minecraft:phantom":2,"minecraft:guardian":10,"k_turrets:gauss_drone":2,"alexsmobs:leafcutter_ant":1,"minecraft:drowned":45,"hordes:husk_player":5,"minecraft:zombie_villager":3,"minecraft:salmon":2,"minecraft:sheep":1,"alexsmobs:catfish":1,"minecraft:zombie":69,"alexsmobs:terrapin":2,"alexsmobs:fly":2},"minecraft:used":{"securitycraft:reinforced_birch_fence_gate":1,"minecraft:red_sand":1,"minecraft:stone_sword":2,"securitycraft:reinforced_cobblestone_stairs":174,"securitycraft:reinforced_spruce_slab":21,"minecraft:flint_and_steel":4,"securitycraft:keypad_trapdoor":2,"minecraft:stone_shovel":1,"minecraft:spruce_planks":65,"bunker_down:ceiling_lamp":63,"minecraft:black_carpet":45,"minecraft:chest":25,"securitycraft:reinforced_smooth_stone":961,"minecraft:shield":2,"minecraft:stone":755,"securitycraft:keypad_door_item":7,"securitycraft:security_camera":9,"minecraft:wooden_shovel":21,"minecraft:rotten_flesh":22,"securitycraft:reinforced_bookshelf":70,"minecraft:oak_door":2,"minecraft:torch":29,"butcher:spitroast":9,"minecraft:dirt":513,"minecraft:white_carpet":14,"minecraft:jungle_planks":69,"minecraft:carrot":4,"securitycraft:reinforced_cobblestone_wall":72,"minecraft:granite":19,"minecraft:obsidian":106,"butcher:bonebarrel":2,"butcher:emptyskinrack":1,"minecraft:wooden_axe":147,"securitycraft:reinforced_birch_fence":26,"minecraft:netherite_shovel":216,"securitycraft:reinforced_birch_stairs":11,"minecraft:grass_block":488,"minecraft:lantern":53,"butcher:drained_pig_corpse_item":2,"minecraft:birch_sapling":1,"securitycraft:reinforced_spruce_stairs":65,"minecraft:netherite_hoe":25,"securitycraft:reinforced_birch_slab":4,"minecraft:barrel":14,"butcher:largeemptyheadmount":8,"bunker_down:airlock_iron_door":1,"minecraft:birch_trapdoor":14,"minecraft:tripwire_hook":23,"butcher:bloodgrate":6,"securitycraft:reinforced_spruce_fence":55,"minecraft:oak_sapling":4,"minecraft:furnace":14,"securitycraft:reinforced_glass":35,"butcher:freezer":10,"butcher:metal_tray":2,"minecraft:trapped_chest":6,"butcher:dolphinhead":4,"securitycraft:reinforced_stripped_oak_wood":14,"minecraft:pumpkin":5,"minecraft:light_gray_bed":1,"minecraft:cooked_mutton":2,"securitycraft:electrified_iron_fence":560,"securitycraft:reinforced_oak_planks":12,"minecraft:birch_planks":3,"securitycraft:reinforced_oak_wood":1,"minecraft:stone_pickaxe":294,"minecraft:wooden_pickaxe":47,"securitycraft:reinforced_iron_trapdoor":30,"securitycraft:reinforced_redstone_lamp":22,"securitycraft:reinforced_glass_pane":30,"minecraft:smooth_quartz_stairs":4,"butcher:polarbearhead":5,"k_turrets:gauss_turret_item":1,"minecraft:glow_item_frame":22,"securitycraft:reinforced_sticky_piston":47,"minecraft:mangrove_trapdoor":9,"butcher:bearrug":2,"minecraft:tnt":50,"minecraft:oak_slab":4,"minecraft:crafting_table":3,"securitycraft:reinforced_spruce_fence_gate":2,"minecraft:campfire":247,"securitycraft:reinforced_ladder":25,"minecraft:painting":51,"minecraft:black_bed":4,"minecraft:birch_fence":38,"minecraft:oak_log":4,"securitycraft:reinforced_lever":6,"minecraft:flower_pot":2,"minecraft:lever":1,"bunker_down:steel_block":48,"bunker_down:steel_block_slab":4,"securitycraft:reinforced_grass_block":34,"butcher:pandarug":2,"minecraft:iron_pickaxe":49,"butcher:pandahead":3,"minecraft:stone_button":3,"minecraft:melon_slice":8,"minecraft:string":25,"minecraft:oak_button":27,"minecraft:spruce_trapdoor":182,"minecraft:oak_pressure_plate":1,"minecraft:stone_axe":19,"minecraft:gravel":8,"minecraft:blue_carpet":14,"butcher:butcherstable":2,"securitycraft:reinforced_chain":6,"butcher:turtlehead":1,"minecraft:wooden_sword":16,"minecraft:cobblestone":27,"minecraft:white_banner":9,"minecraft:andesite":1,"minecraft:chain":5,"securitycraft:reinforced_birch_planks":13,"alexsmobs:animal_dictionary":1,"securitycraft:reinforced_fence_gate":2,"minecraft:purple_carpet":2,"securitycraft:reinforced_oak_log":70,"minecraft:bone_meal":122},"minecraft:broken":{"minecraft:stone_pickaxe":2,"minecraft:wooden_axe":1}},"DataVersion":3465}