{"stats":{"minecraft:custom":{"minecraft:interact_with_furnace":14,"minecraft:mob_kills":32,"minecraft:interact_with_crafting_table":8,"minecraft:damage_dealt_resisted":370,"minecraft:leave_game":3,"minecraft:time_since_death":1935,"minecraft:sleep_in_bed":2,"minecraft:climb_one_cm":52121,"minecraft:time_since_rest":1378,"minecraft:sprint_one_cm":176296,"minecraft:damage_taken":7280,"minecraft:walk_one_cm":317403,"minecraft:damage_blocked_by_shield":92,"minecraft:drop":142,"minecraft:damage_dealt":990,"minecraft:play_time":131148,"minecraft:player_kills":5,"minecraft:swim_one_cm":14463,"minecraft:open_chest":20,"minecraft:fly_one_cm":130115,"minecraft:crouch_one_cm":10655,"minecraft:sneak_time":7401,"tombstone:undead_killed":25,"minecraft:deaths":16,"minecraft:walk_under_water_one_cm":2059,"minecraft:jump":1160,"minecraft:walk_on_water_one_cm":9580,"minecraft:total_world_time":131148,"minecraft:fall_one_cm":21494},"minecraft:killed":{"minecraft:spider":4,"minecraft:phantom":1,"minecraft:sheep":1,"alexsmobs:leafcutter_ant":1,"minecraft:zombie":20,"hordes:husk_player":5},"minecraft:killed_by":{"minecraft:player":9,"minecraft:zombie":4},"minecraft:picked_up":{"minecraft:fishing_rod":1,"minecraft:crafting_table":5,"minecraft:clay_ball":105,"minecraft:andesite":1,"minecraft:jungle_log":113,"minecraft:wooden_pickaxe":1,"bunker_down:steel_vent":2,"minecraft:enchanted_book":4,"minecraft:flint":14,"minecraft:oak_log":12,"minecraft:chain":3,"bunker_down:airlock_iron_door":1,"minecraft:shield":15,"tombstone:gift":5,"minecraft:raw_copper":136,"minecraft:iron_axe":3,"bunker_down:steel_block":52,"tacz:ammo":787,"minecraft:cooked_mutton":2,"minecraft:beetroot":2,"minecraft:red_sand":2,"minecraft:raw_gold":84,"minecraft:spruce_planks":144,"minecraft:iron_ingot":70,"minecraft:stone_pickaxe":3,"minecraft:jungle_sapling":2,"minecraft:iron_pickaxe":13,"tacz:gun_smith_table":1,"minecraft:melon_slice":7,"minecraft:sugar_cane":20,"minecraft:iron_sword":1,"minecraft:stick":10,"minecraft:raw_iron":34,"minecraft:copper_ingot":18,"minecraft:torch":44,"minecraft:beetroot_seeds":9,"minecraft:gravel":25,"minecraft:jungle_planks":132,"tacz:attachment":1,"tombstone:grave_dust":4,"minecraft:diorite":42,"minecraft:carrot":7,"minecraft:redstone":1,"minecraft:spider_eye":1,"alexsmobs:animal_dictionary":1,"bunker_down:steel_block_slab":6,"minecraft:bundle":1,"minecraft:rotten_flesh":42,"minecraft:light_gray_bed":4,"minecraft:stone_shovel":1,"minecraft:stone_axe":5,"butcher:butchersguidebook":1,"tacz:modern_kinetic_gun":10,"minecraft:lever":9,"minecraft:granite":28,"minecraft:spruce_button":4,"tombstone:magic_scroll":9,"minecraft:mutton":6,"minecraft:coal":90,"minecraft:white_wool":3,"minecraft:cobblestone":277},"minecraft:mined":{"bunker_down:airlock_iron_door":1,"horror_element_mod:dead_pig":2,"minecraft:jungle_leaves":11,"minecraft:clay":26,"minecraft:crafting_table":2,"minecraft:granite":29,"minecraft:lever":1,"minecraft:red_sand":1,"minecraft:jungle_log":57,"minecraft:dead_bush":6,"minecraft:light_gray_bed":1,"alexsmobs:leafcutter_ant_chamber":1,"minecraft:copper_ore":24,"minecraft:cobblestone":3,"minecraft:diorite":16,"minecraft:wall_torch":9,"minecraft:carrots":3,"minecraft:beetroots":4,"bunker_down:steel_block_slab":2,"minecraft:andesite":3,"minecraft:grass":2,"minecraft:coal_ore":36,"minecraft:oak_log":11,"minecraft:flowering_azalea_leaves":1,"minecraft:vine":20,"minecraft:gravel":16,"minecraft:azalea_leaves":2,"bunker_down:steel_block":6,"minecraft:stone":193,"minecraft:gold_ore":21,"minecraft:oak_leaves":4},"minecraft:used":{"minecraft:cooked_mutton":2,"minecraft:stone_sword":2,"minecraft:red_sand":1,"minecraft:stone_shovel":1,"minecraft:stone_pickaxe":285,"minecraft:wooden_pickaxe":47,"minecraft:shield":2,"minecraft:rotten_flesh":22,"minecraft:torch":12,"minecraft:crafting_table":2,"minecraft:granite":19,"minecraft:obsidian":106,"minecraft:oak_log":4,"minecraft:wooden_axe":94,"minecraft:lever":1,"bunker_down:steel_block":48,"bunker_down:steel_block_slab":4,"minecraft:melon_slice":7,"minecraft:iron_pickaxe":49,"minecraft:stone_button":3,"tombstone:magic_scroll":5,"bunker_down:airlock_iron_door":1,"minecraft:stone_axe":19,"minecraft:wooden_sword":16,"minecraft:gravel":8,"minecraft:cobblestone":14,"minecraft:andesite":1,"tombstone:gift":8,"alexsmobs:animal_dictionary":1,"minecraft:pumpkin":1,"minecraft:light_gray_bed":1},"minecraft:dropped":{"minecraft:gravel":17,"minecraft:iron_ingot":23,"minecraft:stone_axe":1,"minecraft:raw_copper":12,"minecraft:clay_ball":1,"minecraft:shield":2,"tombstone:magic_scroll":1,"minecraft:wooden_axe":1,"minecraft:light_gray_bed":1,"tombstone:grave_dust":1,"bunker_down:steel_block":19,"tacz:modern_kinetic_gun":1,"tacz:ammo":300,"minecraft:iron_axe":2,"minecraft:red_sand":1,"minecraft:wooden_pickaxe":1,"tacz:attachment":1},"minecraft:broken":{"minecraft:stone_pickaxe":2,"minecraft:wooden_axe":1},"minecraft:crafted":{"minecraft:wooden_sword":1,"minecraft:stone_shovel":1,"minecraft:crafting_table":1,"minecraft:wooden_pickaxe":2,"minecraft:jungle_planks":184,"minecraft:stick":26,"minecraft:wooden_axe":2,"minecraft:stone_pickaxe":4,"minecraft:stone_sword":1,"minecraft:torch":8}},"DataVersion":3465}