{"stat.pickup.minecraft.boat":4,"stat.pickup.minecraft.pumpkin":3,"stat.walkOneCm":54207,"stat.pickup.rustic.bee":2,"stat.pickup.minecraft.bone":1,"stat.useItem.minecraft.bread":2,"stat.drop.tombstone.crafting_ingredient":2,"stat.useItem.minecraft.pumpkin":1,"stat.leaveGame":1,"stat.pickup.minecraft.arrow":3,"stat.drop.minecraft.cooked_beef":3,"stat.pickup.minecraft.crafting_table":1,"stat.mineBlock.minecraft.pumpkin":3,"stat.mineBlock.minecraft.double_plant":2,"stat.mineBlock.minecraft.brown_mushroom":1,"stat.pickup.minecraft.log":21,"stat.useItem.minecraft.rotten_flesh":2,"stat.useItem.minecraft.sand":3,"stat.swimOneCm":2566,"stat.jump":320,"stat.fallOneCm":3503,"stat.mineBlock.byg.birchleavesyellow":3,"stat.pickup.tombstone.crafting_ingredient":2,"stat.crouchOneCm":271,"stat.pickup.minecraft.sapling":1,"stat.pickup.minecraft.dirt":3,"stat.sprintOneCm":40332,"stat.useItem.minecraft.stone_slab2":9,"stat.pickup.minecraft.cooked_beef":5,"stat.craftingTableInteraction":1,"stat.pickup.minecraft.rotten_flesh":2,"stat.useItem.rustic.wind_thistle":3,"stat.pickup.minecraft.sand":4,"stat.killEntity.Skeleton":1,"stat.mineBlock.byg.oakleavesorange":1,"stat.boatOneCm":85546,"stat.mineBlock.rustic.beehive":1,"stat.craftItem.minecraft.planks":48,"stat.pickup.rustic.wind_thistle":4,"stat.damageTaken":530,"stat.drop.minecraft.bone":1,"stat.pickup.minecraft.stone_sword":1,"stat.pickup.minecraft.bread":2,"stat.pickup.minecraft.cobblestone":10,"stat.mineBlock.minecraft.log":19,"stat.drop.minecraft.boat":1,"stat.flyOneCm":19231,"stat.useItem.minecraft.boat":2,"tombstone:undead_killed":1,"stat.drop":11,"stat.pickup.minecraft.brown_mushroom":1,"stat.mineBlock.minecraft.sand":4,"stat.mineBlock.minecraft.leaves":11,"stat.playOneMinute":19790,"stat.useItem.minecraft.cooked_beef":2,"stat.sneakTime":338,"stat.useItem.minecraft.stone_sword":12,"stat.damageDealt":228,"stat.pickup.zawa.care_guide":1,"stat.timeSinceDeath":19790,"stat.drop.rustic.bee":2,"stat.mineBlock.minecraft.dirt":3,"stat.drop.minecraft.log":2,"stat.mineBlock.rustic.wind_thistle":1,"stat.mineBlock.minecraft.tallgrass":4,"stat.diveOneCm":5571}