{"stat.pickup.minecraft.bone":3,"stat.leaveGame":3,"stat.mineBlock.minecraft.pumpkin":3,"stat.mineBlock.minecraft.brown_mushroom":1,"stat.swimOneCm":32485,"stat.pickup.zawa.worm":2,"stat.useItem.minecraft.planks":131,"stat.mineBlock.minecraft.spruce_stairs":5,"stat.pickup.minecraft.glass":14,"stat.useItem.minecraft.dirt":42,"stat.useItem.minecraft.stone_slab2":25,"stat.pickup.minecraft.rotten_flesh":3,"stat.pickup.minecraft.sand":4,"stat.useItem.zawa.raw_frog_leg":4,"stat.mineBlock.rustic.beehive":1,"stat.craftItem.minecraft.stone_axe":2,"stat.mineBlock.byg.oakleavesdrygreen":8,"stat.drop.rustic.wind_thistle":1,"stat.pickup.minecraft.cobblestone":10,"stat.craftItem.minecraft.stone_sword":2,"stat.flyOneCm":56579,"stat.pickup.minecraft.brown_mushroom":1,"stat.mineBlock.minecraft.sand":4,"stat.drop.minecraft.wheat_seeds":2,"stat.useItem.minecraft.cooked_beef":2,"stat.timeSinceDeath":5283,"stat.drop.minecraft.log":2,"stat.drop.minecraft.spider_eye":1,"stat.furnaceInteraction":3,"stat.pickup.tombstone.crafting_ingredient":2,"stat.pickup.zawa.reptile_meat_raw":1,"stat.sprintOneCm":120230,"stat.craftItem.minecraft.stick":8,"stat.useItem.rustic.wind_thistle":3,"stat.drop.zawa.raw_frog_leg":3,"stat.mineBlock.minecraft.crafting_table":1,"stat.drop.minecraft.boat":1,"stat.mineBlock.minecraft.planks":34,"stat.deaths":2,"stat.drop":21,"stat.playOneMinute":84519,"stat.killEntity.Zombie":1,"stat.pickup.zawa.care_guide":1,"stat.mineBlock.minecraft.tallgrass":11,"stat.diveOneCm":14335,"stat.chestOpened":2,"stat.pickup.minecraft.pumpkin":3,"stat.mineBlock.byg.oakleavesred":4,"stat.pickup.minecraft.arrow":3,"stat.drop.minecraft.cooked_beef":3,"stat.useItem.minecraft.chicken":1,"stat.pickup.minecraft.stone_axe":1,"stat.useItem.minecraft.rotten_flesh":3,"stat.useItem.minecraft.sand":3,"stat.jump":982,"stat.fallOneCm":14715,"stat.drop.minecraft.stone_sword":1,"stat.useItem.minecraft.stone_axe":164,"stat.crouchOneCm":4547,"stat.pickup.minecraft.spider_eye":1,"stat.pickup.minecraft.dirt":52,"stat.craftingTableInteraction":8,"stat.useItem.minecraft.glass":38,"stat.boatOneCm":85546,"stat.useItem.minecraft.sapling":3,"stat.pickup.rustic.wind_thistle":5,"stat.drop.zawa.worm":2,"stat.damageTaken":1605,"stat.drop.minecraft.bone":1,"stat.mineBlock.minecraft.red_flower":2,"stat.pickup.zawa.raw_frog_leg":7,"stat.pickup.minecraft.planks":22,"tombstone:undead_killed":2,"stat.pickup.minecraft.wheat_seeds":2,"stat.entityKilledBy.Zombie":1,"stat.mineBlock.minecraft.glass":37,"stat.useItem.minecraft.stone_sword":42,"stat.damageDealt":936,"stat.craftItem.minecraft.glass":26,"stat.sleepInBed":3,"stat.craftItem.minecraft.baked_potato":2,"stat.mineBlock.minecraft.dirt":53,"stat.pickup.minecraft.boat":4,"stat.walkOneCm":240266,"stat.pickup.rustic.bee":2,"stat.useItem.minecraft.bread":2,"stat.drop.tombstone.crafting_ingredient":2,"stat.useItem.minecraft.pumpkin":1,"stat.useItem.zawa.reptile_meat_raw":1,"stat.pickup.minecraft.crafting_table":2,"stat.useItem.minecraft.log":15,"stat.mineBlock.minecraft.double_plant":2,"stat.pickup.minecraft.log":116,"stat.mineBlock.byg.birchleavesyellow":3,"stat.useItem.minecraft.spruce_stairs":41,"stat.pickup.minecraft.chicken":1,"stat.pickup.minecraft.baked_potato":4,"stat.pickup.minecraft.sapling":7,"stat.pickup.minecraft.cooked_beef":5,"stat.killEntity.Skeleton":1,"stat.mineBlock.byg.oakleavesorange":8,"stat.craftItem.minecraft.planks":336,"stat.killEntity.Chicken":1,"stat.pickup.minecraft.stone_sword":1,"stat.pickup.minecraft.bread":2,"stat.mobKills":4,"stat.mineBlock.minecraft.log":116,"stat.useItem.minecraft.boat":2,"stat.mineBlock.minecraft.leaves":114,"stat.pickup.minecraft.spruce_stairs":10,"stat.sneakTime":3455,"stat.craftItem.minecraft.spruce_stairs":76,"stat.useItem.minecraft.baked_potato":6,"stat.drop.rustic.bee":2,"stat.mineBlock.rustic.wind_thistle":3}