{"stats":{"minecraft:mined":{"minecraft:carrots":1,"horror_element_mod:dead_pig":2,"minecraft:jungle_leaves":11,"minecraft:granite":4,"minecraft:crafting_table":1,"minecraft:coal_ore":6,"minecraft:red_sand":1,"minecraft:oak_log":7,"minecraft:flowering_azalea_leaves":1,"minecraft:vine":19,"minecraft:jungle_log":50,"minecraft:dead_bush":6,"minecraft:gravel":8,"minecraft:light_gray_bed":1,"minecraft:cobblestone":3,"minecraft:azalea_leaves":2,"minecraft:stone":87,"minecraft:diorite":1,"minecraft:wall_torch":7},"minecraft:killed":{"minecraft:spider":2},"minecraft:killed_by":{"minecraft:player":1},"minecraft:dropped":{"minecraft:raw_copper":5,"minecraft:wooden_axe":1,"minecraft:wooden_pickaxe":1},"minecraft:picked_up":{"minecraft:stick":6,"minecraft:crafting_table":2,"minecraft:jungle_log":86,"minecraft:torch":6,"minecraft:wooden_pickaxe":1,"minecraft:gravel":8,"minecraft:jungle_planks":4,"minecraft:oak_log":8,"minecraft:diorite":1,"minecraft:carrot":5,"minecraft:raw_copper":5,"alexsmobs:animal_dictionary":1,"minecraft:rotten_flesh":8,"minecraft:light_gray_bed":2,"minecraft:red_sand":1,"butcher:butchersguidebook":1,"minecraft:granite":4,"minecraft:jungle_sapling":2,"minecraft:coal":4,"minecraft:cobblestone":127},"minecraft:used":{"minecraft:oak_log":4,"minecraft:wooden_axe":94,"minecraft:red_sand":1,"minecraft:stone_pickaxe":65,"minecraft:wooden_pickaxe":47,"minecraft:rotten_flesh":8,"minecraft:wooden_sword":16,"minecraft:torch":6,"minecraft:cobblestone":4,"minecraft:crafting_table":2,"tombstone:gift":2,"alexsmobs:animal_dictionary":1},"minecraft:broken":{"minecraft:wooden_axe":1},"minecraft:crafted":{"minecraft:wooden_sword":1,"minecraft:stone_shovel":1,"minecraft:crafting_table":1,"minecraft:stick":26,"minecraft:wooden_pickaxe":2,"minecraft:stone_pickaxe":3,"minecraft:wooden_axe":2,"minecraft:stone_sword":1,"minecraft:jungle_planks":184},"minecraft:custom":{"minecraft:time_since_rest":5104,"minecraft:sprint_one_cm":83983,"minecraft:damage_taken":674,"minecraft:walk_one_cm":87868,"minecraft:mob_kills":2,"minecraft:drop":7,"minecraft:damage_dealt":691,"minecraft:interact_with_crafting_table":5,"minecraft:player_kills":2,"minecraft:swim_one_cm":7639,"minecraft:fly_one_cm":66373,"minecraft:open_chest":3,"minecraft:crouch_one_cm":4869,"minecraft:play_time":39019,"minecraft:sneak_time":3320,"minecraft:deaths":2,"minecraft:walk_under_water_one_cm":82,"minecraft:jump":497,"minecraft:damage_dealt_resisted":10,"minecraft:leave_game":2,"minecraft:time_since_death":5739,"minecraft:walk_on_water_one_cm":1922,"minecraft:sleep_in_bed":1,"minecraft:climb_one_cm":13522,"minecraft:total_world_time":39019,"minecraft:fall_one_cm":6895}},"DataVersion":3465}