{"stat.chestOpened":1,"stat.pickup.minecraft.boat":4,"stat.pickup.minecraft.pumpkin":3,"stat.walkOneCm":96091,"stat.pickup.rustic.bee":2,"stat.pickup.minecraft.bone":1,"stat.useItem.minecraft.bread":2,"stat.drop.tombstone.crafting_ingredient":2,"stat.useItem.minecraft.pumpkin":1,"stat.leaveGame":1,"stat.useItem.zawa.reptile_meat_raw":1,"stat.pickup.minecraft.arrow":3,"stat.drop.minecraft.cooked_beef":3,"stat.pickup.minecraft.crafting_table":1,"stat.mineBlock.minecraft.pumpkin":3,"stat.useItem.minecraft.log":9,"stat.mineBlock.minecraft.double_plant":2,"stat.mineBlock.minecraft.brown_mushroom":1,"stat.pickup.minecraft.log":80,"stat.useItem.minecraft.rotten_flesh":2,"stat.useItem.minecraft.sand":3,"stat.swimOneCm":3113,"stat.jump":533,"stat.fallOneCm":5484,"stat.mineBlock.byg.birchleavesyellow":3,"stat.pickup.tombstone.crafting_ingredient":2,"stat.drop.minecraft.stone_sword":1,"stat.useItem.minecraft.stone_axe":70,"stat.crouchOneCm":1041,"stat.pickup.minecraft.chicken":1,"stat.pickup.zawa.reptile_meat_raw":1,"stat.pickup.minecraft.spider_eye":1,"stat.pickup.minecraft.sapling":3,"stat.pickup.minecraft.dirt":7,"stat.useItem.minecraft.dirt":2,"stat.sprintOneCm":42547,"stat.useItem.minecraft.stone_slab2":13,"stat.pickup.minecraft.cooked_beef":5,"stat.craftItem.minecraft.stick":8,"stat.craftingTableInteraction":2,"stat.pickup.minecraft.rotten_flesh":2,"stat.useItem.rustic.wind_thistle":3,"stat.pickup.minecraft.sand":4,"stat.killEntity.Skeleton":1,"stat.mineBlock.byg.oakleavesorange":1,"stat.boatOneCm":85546,"stat.useItem.zawa.raw_frog_leg":4,"stat.mineBlock.rustic.beehive":1,"stat.craftItem.minecraft.planks":76,"stat.pickup.rustic.wind_thistle":4,"stat.killEntity.Chicken":1,"stat.craftItem.minecraft.stone_axe":2,"stat.drop.zawa.raw_frog_leg":3,"stat.damageTaken":760,"stat.drop.minecraft.bone":1,"stat.pickup.minecraft.stone_sword":1,"stat.pickup.minecraft.bread":2,"stat.mineBlock.minecraft.red_flower":2,"stat.pickup.minecraft.cobblestone":10,"stat.mobKills":2,"stat.pickup.zawa.raw_frog_leg":7,"stat.mineBlock.minecraft.log":78,"stat.drop.minecraft.boat":1,"stat.craftItem.minecraft.stone_sword":2,"stat.flyOneCm":21979,"stat.useItem.minecraft.boat":2,"tombstone:undead_killed":1,"stat.drop":16,"stat.pickup.minecraft.brown_mushroom":1,"stat.mineBlock.minecraft.sand":4,"stat.mineBlock.minecraft.leaves":20,"stat.playOneMinute":32390,"stat.useItem.minecraft.cooked_beef":2,"stat.sneakTime":786,"stat.useItem.minecraft.stone_sword":24,"stat.damageDealt":508,"stat.pickup.zawa.care_guide":1,"stat.timeSinceDeath":32390,"stat.drop.rustic.bee":2,"stat.mineBlock.minecraft.dirt":7,"stat.drop.minecraft.log":2,"stat.mineBlock.rustic.wind_thistle":1,"stat.drop.minecraft.spider_eye":1,"stat.mineBlock.minecraft.tallgrass":4,"stat.diveOneCm":5571}