{"stats":{"minecraft:mined":{"minecraft:spruce_planks":1,"minecraft:jungle_leaves":11,"minecraft:lever":1,"minecraft:granite":29,"minecraft:red_sand":1,"minecraft:jungle_planks":15,"minecraft:jungle_log":57,"minecraft:light_gray_bed":1,"alexsmobs:leafcutter_ant_chamber":1,"minecraft:carrots":3,"minecraft:andesite":3,"minecraft:pumpkin":2,"minecraft:flowering_azalea_leaves":1,"minecraft:vine":20,"bunker_down:steel_block":6,"minecraft:azalea_leaves":2,"minecraft:stone":193,"bunker_down:airlock_iron_door":1,"horror_element_mod:dead_pig":2,"minecraft:clay":26,"minecraft:crafting_table":2,"minecraft:dead_bush":6,"minecraft:copper_ore":24,"minecraft:cobblestone":4,"minecraft:diorite":16,"minecraft:wall_torch":9,"minecraft:birch_planks":3,"minecraft:birch_log":7,"bunker_down:steel_block_slab":2,"minecraft:birch_leaves":1,"minecraft:grass":4,"minecraft:oak_log":53,"minecraft:coal_ore":36,"minecraft:beetroots":4,"minecraft:gravel":16,"minecraft:gold_ore":21,"minecraft:oak_leaves":49},"minecraft:killed_by":{"minecraft:player":9,"minecraft:zombie":4},"minecraft:crafted":{"minecraft:wooden_sword":1,"minecraft:stone_shovel":1,"minecraft:stone_pickaxe":4,"minecraft:crafting_table":1,"minecraft:wooden_pickaxe":2,"minecraft:birch_planks":28,"minecraft:jungle_planks":184,"minecraft:stick":30,"minecraft:wooden_axe":4,"minecraft:stone_sword":1,"minecraft:torch":8},"minecraft:custom":{"minecraft:mob_kills":128,"minecraft:interact_with_crafting_table":9,"minecraft:open_barrel":2,"minecraft:damage_dealt_resisted":1123,"minecraft:leave_game":5,"minecraft:time_since_death":173660,"minecraft:climb_one_cm":59978,"minecraft:sprint_one_cm":217776,"minecraft:walk_one_cm":523208,"minecraft:damage_blocked_by_shield":92,"minecraft:drop":159,"minecraft:play_time":319814,"minecraft:deaths":18,"minecraft:sneak_time":18276,"minecraft:walk_under_water_one_cm":36497,"minecraft:jump":1569,"minecraft:walk_on_water_one_cm":22102,"minecraft:total_world_time":319814,"minecraft:interact_with_furnace":16,"minecraft:pot_flower":2,"minecraft:sleep_in_bed":4,"minecraft:time_since_rest":16667,"minecraft:damage_taken":7799,"minecraft:trigger_trapped_chest":1,"minecraft:damage_dealt":1506,"minecraft:swim_one_cm":14463,"minecraft:fly_one_cm":768910,"minecraft:player_kills":5,"minecraft:open_chest":25,"minecraft:crouch_one_cm":26959,"minecraft:fall_one_cm":24016},"minecraft:dropped":{"minecraft:iron_ingot":23,"minecraft:cobblestone":18,"minecraft:lantern":1,"alexsmobs:raw_catfish":3,"minecraft:wooden_axe":1,"minecraft:pumpkin":2,"tacz:modern_kinetic_gun":3,"minecraft:iron_axe":2,"minecraft:iron_pickaxe":1,"minecraft:gravel":17,"minecraft:stone_axe":1,"minecraft:raw_copper":12,"minecraft:beetroot":2,"minecraft:clay_ball":1,"k_turrets:gauss_turret_item":1,"minecraft:carrot":2,"minecraft:shield":2,"minecraft:spruce_planks":1,"minecraft:light_gray_bed":1,"bunker_down:steel_block":19,"tacz:ammo":300,"minecraft:red_sand":1,"minecraft:wooden_pickaxe":1,"tacz:attachment":1},"minecraft:picked_up":{"minecraft:fishing_rod":1,"minecraft:crafting_table":6,"minecraft:clay_ball":105,"minecraft:wooden_pickaxe":1,"minecraft:stone_brick_wall":1,"minecraft:enchanted_book":5,"minecraft:chain":3,"minecraft:shield":17,"minecraft:string":1,"minecraft:raw_copper":136,"minecraft:iron_axe":3,"tacz:ammo":787,"minecraft:beetroot":2,"minecraft:red_sand":2,"minecraft:spruce_planks":146,"securitycraft:reinforced_lever":1,"minecraft:jungle_sapling":2,"minecraft:iron_nugget":18,"minecraft:iron_pickaxe":16,"minecraft:melon_slice":8,"minecraft:sugar_cane":30,"minecraft:birch_sapling":4,"minecraft:stick":14,"minecraft:raw_iron":51,"minecraft:glow_item_frame":1,"minecraft:copper_ingot":91,"minecraft:torch":46,"tacz:attachment":1,"minecraft:diorite":42,"minecraft:carrot":7,"minecraft:redstone":1,"minecraft:rotten_flesh":72,"minecraft:stone_shovel":1,"minecraft:light_gray_bed":4,"minecraft:beetroot_seeds":18,"minecraft:mutton":6,"minecraft:white_wool":3,"minecraft:cobblestone":1010,"minecraft:birch_log":8,"minecraft:andesite":1,"minecraft:jungle_log":113,"bunker_down:steel_vent":2,"minecraft:birch_planks":3,"minecraft:flint":27,"minecraft:oak_log":54,"bunker_down:airlock_iron_door":1,"minecraft:gunpowder":4,"k_turrets:gauss_bullet":101,"minecraft:lapis_lazuli":5,"minecraft:dirt":222,"minecraft:white_banner":1,"minecraft:lantern":5,"bunker_down:steel_block":52,"minecraft:cooked_mutton":2,"minecraft:bone":8,"minecraft:raw_gold":105,"minecraft:stone_pickaxe":4,"minecraft:iron_ingot":70,"tacz:gun_smith_table":1,"minecraft:stone_hoe":1,"minecraft:iron_sword":1,"minecraft:pumpkin":4,"minecraft:music_disc_13":1,"minecraft:gravel":40,"minecraft:jungle_planks":160,"alexsmobs:animal_dictionary":1,"minecraft:spider_eye":1,"bunker_down:steel_block_slab":6,"minecraft:bundle":3,"alexsmobs:raw_catfish":3,"minecraft:stone_axe":5,"butcher:butchersguidebook":1,"tacz:modern_kinetic_gun":13,"minecraft:lever":10,"k_turrets:gauss_turret_item":1,"minecraft:granite":56,"minecraft:spruce_button":4,"minecraft:bread":3,"minecraft:oak_button":12,"minecraft:oak_sapling":9,"minecraft:coal":123},"minecraft:killed":{"hordes:zombie_player":1,"minecraft:spider":4,"minecraft:phantom":2,"minecraft:guardian":10,"k_turrets:gauss_drone":2,"alexsmobs:leafcutter_ant":1,"minecraft:drowned":33,"hordes:husk_player":5,"minecraft:zombie_villager":1,"minecraft:sheep":1,"minecraft:zombie":63,"alexsmobs:terrapin":1,"alexsmobs:fly":1},"minecraft:used":{"securitycraft:reinforced_birch_fence_gate":1,"minecraft:red_sand":1,"minecraft:stone_sword":2,"securitycraft:reinforced_spruce_slab":21,"minecraft:stone_shovel":1,"minecraft:black_carpet":24,"minecraft:chest":21,"minecraft:spruce_planks":65,"securitycraft:reinforced_smooth_stone":808,"minecraft:shield":2,"minecraft:stone":755,"securitycraft:keypad_door_item":4,"minecraft:rotten_flesh":22,"securitycraft:reinforced_bookshelf":70,"minecraft:oak_door":2,"minecraft:torch":29,"minecraft:dirt":513,"minecraft:white_carpet":4,"minecraft:jungle_planks":69,"minecraft:carrot":4,"securitycraft:reinforced_cobblestone_wall":17,"minecraft:granite":19,"butcher:bonebarrel":2,"minecraft:obsidian":106,"butcher:emptyskinrack":1,"minecraft:wooden_axe":147,"securitycraft:reinforced_birch_fence":23,"securitycraft:reinforced_birch_stairs":10,"minecraft:lantern":32,"minecraft:birch_sapling":1,"securitycraft:reinforced_spruce_stairs":42,"minecraft:barrel":14,"bunker_down:airlock_iron_door":1,"minecraft:birch_trapdoor":14,"butcher:largeemptyheadmount":8,"butcher:bloodgrate":6,"minecraft:furnace":14,"minecraft:oak_sapling":4,"securitycraft:reinforced_glass":35,"butcher:freezer":10,"butcher:metal_tray":2,"minecraft:trapped_chest":6,"butcher:dolphinhead":4,"minecraft:pumpkin":5,"minecraft:light_gray_bed":1,"minecraft:cooked_mutton":2,"securitycraft:reinforced_oak_planks":12,"minecraft:birch_planks":3,"securitycraft:reinforced_oak_wood":1,"minecraft:stone_pickaxe":294,"minecraft:wooden_pickaxe":47,"securitycraft:reinforced_iron_trapdoor":30,"minecraft:smooth_quartz_stairs":4,"butcher:polarbearhead":5,"securitycraft:reinforced_glass_pane":26,"k_turrets:gauss_turret_item":1,"minecraft:glow_item_frame":22,"butcher:bearrug":2,"minecraft:tnt":50,"minecraft:crafting_table":3,"securitycraft:reinforced_ladder":5,"minecraft:painting":48,"minecraft:black_bed":4,"minecraft:oak_log":4,"minecraft:flower_pot":2,"bunker_down:steel_block":48,"minecraft:lever":1,"securitycraft:reinforced_lever":6,"bunker_down:steel_block_slab":4,"securitycraft:reinforced_grass_block":33,"butcher:pandarug":2,"butcher:pandahead":3,"minecraft:melon_slice":8,"minecraft:iron_pickaxe":49,"minecraft:oak_button":27,"minecraft:stone_button":3,"minecraft:spruce_trapdoor":8,"minecraft:gravel":8,"butcher:butcherstable":2,"minecraft:stone_axe":19,"securitycraft:reinforced_chain":6,"butcher:turtlehead":1,"minecraft:wooden_sword":16,"minecraft:cobblestone":27,"minecraft:white_banner":9,"minecraft:andesite":1,"minecraft:chain":5,"securitycraft:reinforced_birch_planks":11,"alexsmobs:animal_dictionary":1,"minecraft:purple_carpet":2,"securitycraft:reinforced_oak_log":69},"minecraft:broken":{"minecraft:stone_pickaxe":2,"minecraft:wooden_axe":1}},"DataVersion":3465}