{"stats":{"minecraft:mined":{"horror_element_mod:dead_pig":2,"minecraft:jungle_leaves":11,"minecraft:clay":26,"minecraft:crafting_table":1,"minecraft:lever":1,"minecraft:granite":29,"minecraft:red_sand":1,"minecraft:jungle_log":57,"minecraft:dead_bush":6,"minecraft:light_gray_bed":1,"minecraft:copper_ore":10,"minecraft:cobblestone":3,"minecraft:diorite":16,"minecraft:wall_torch":7,"minecraft:carrots":1,"minecraft:andesite":2,"minecraft:grass":2,"minecraft:vine":20,"minecraft:oak_log":11,"minecraft:coal_ore":36,"minecraft:flowering_azalea_leaves":1,"minecraft:gravel":16,"minecraft:azalea_leaves":2,"bunker_down:steel_block":5,"minecraft:stone":176,"minecraft:oak_leaves":2},"minecraft:killed":{"minecraft:spider":4,"minecraft:phantom":1,"minecraft:sheep":1,"minecraft:zombie":12,"hordes:husk_player":3},"minecraft:killed_by":{"minecraft:player":6,"minecraft:zombie":4},"minecraft:picked_up":{"minecraft:fishing_rod":1,"minecraft:crafting_table":2,"minecraft:clay_ball":105,"minecraft:jungle_log":113,"minecraft:wooden_pickaxe":1,"bunker_down:steel_vent":2,"minecraft:enchanted_book":2,"minecraft:flint":1,"minecraft:chain":3,"minecraft:oak_log":12,"minecraft:shield":10,"minecraft:iron_axe":3,"tombstone:gift":5,"minecraft:raw_copper":38,"bunker_down:steel_block":36,"tacz:ammo":757,"minecraft:red_sand":2,"minecraft:spruce_planks":16,"minecraft:iron_ingot":70,"minecraft:jungle_sapling":2,"minecraft:iron_pickaxe":8,"minecraft:iron_sword":1,"minecraft:stick":10,"minecraft:torch":42,"minecraft:gravel":25,"minecraft:jungle_planks":4,"tacz:attachment":1,"tombstone:grave_dust":1,"minecraft:diorite":42,"minecraft:carrot":5,"minecraft:redstone":1,"bunker_down:steel_block_slab":4,"alexsmobs:animal_dictionary":1,"minecraft:bundle":1,"minecraft:light_gray_bed":2,"minecraft:rotten_flesh":35,"minecraft:stone_axe":5,"butcher:butchersguidebook":1,"tacz:modern_kinetic_gun":7,"minecraft:lever":6,"minecraft:granite":28,"minecraft:spruce_button":4,"tombstone:magic_scroll":7,"minecraft:mutton":6,"minecraft:coal":34,"minecraft:white_wool":3,"minecraft:cobblestone":221},"minecraft:dropped":{"minecraft:gravel":17,"minecraft:iron_ingot":23,"minecraft:stone_axe":1,"minecraft:raw_copper":12,"minecraft:clay_ball":1,"minecraft:shield":2,"tombstone:magic_scroll":1,"minecraft:wooden_axe":1,"bunker_down:steel_block":17,"tacz:modern_kinetic_gun":1,"tacz:ammo":300,"minecraft:red_sand":1,"minecraft:iron_axe":2,"minecraft:wooden_pickaxe":1,"tacz:attachment":1},"minecraft:used":{"minecraft:red_sand":1,"minecraft:stone_sword":2,"minecraft:stone_shovel":1,"minecraft:stone_pickaxe":275,"minecraft:shield":2,"minecraft:wooden_pickaxe":47,"minecraft:rotten_flesh":18,"minecraft:torch":12,"minecraft:crafting_table":2,"minecraft:granite":17,"minecraft:obsidian":106,"minecraft:oak_log":4,"minecraft:wooden_axe":94,"minecraft:lever":1,"bunker_down:steel_block":35,"bunker_down:steel_block_slab":2,"minecraft:stone_button":3,"tombstone:magic_scroll":5,"minecraft:stone_axe":19,"minecraft:gravel":8,"minecraft:wooden_sword":16,"minecraft:cobblestone":8,"tombstone:gift":8,"alexsmobs:animal_dictionary":1},"minecraft:crafted":{"minecraft:wooden_sword":1,"minecraft:stone_shovel":1,"minecraft:crafting_table":1,"minecraft:wooden_pickaxe":2,"minecraft:jungle_planks":184,"minecraft:stick":26,"minecraft:stone_pickaxe":4,"minecraft:wooden_axe":2,"minecraft:stone_sword":1,"minecraft:torch":8},"minecraft:broken":{"minecraft:stone_pickaxe":2,"minecraft:wooden_axe":1},"minecraft:custom":{"minecraft:interact_with_furnace":2,"minecraft:mob_kills":21,"minecraft:interact_with_crafting_table":8,"minecraft:damage_dealt_resisted":228,"minecraft:leave_game":2,"minecraft:time_since_death":8283,"minecraft:sleep_in_bed":1,"minecraft:climb_one_cm":38271,"minecraft:time_since_rest":7496,"minecraft:sprint_one_cm":137123,"minecraft:damage_taken":5592,"minecraft:walk_one_cm":211976,"minecraft:damage_blocked_by_shield":92,"minecraft:drop":139,"minecraft:damage_dealt":929,"minecraft:swim_one_cm":12921,"minecraft:fly_one_cm":94356,"minecraft:player_kills":4,"minecraft:open_chest":16,"tombstone:undead_killed":15,"minecraft:crouch_one_cm":8250,"minecraft:play_time":99019,"minecraft:deaths":13,"minecraft:sneak_time":6333,"minecraft:walk_under_water_one_cm":1573,"minecraft:jump":827,"minecraft:walk_on_water_one_cm":5244,"minecraft:total_world_time":99019,"minecraft:fall_one_cm":17064}},"DataVersion":3465}