{"stats":{"minecraft:crafted":{"minecraft:crafting_table":1,"minecraft:stick":8,"minecraft:wooden_axe":2,"minecraft:jungle_planks":24},"minecraft:killed":{"minecraft:spider":2},"minecraft:custom":{"minecraft:time_since_rest":601,"minecraft:sprint_one_cm":60519,"minecraft:damage_taken":250,"minecraft:walk_one_cm":33024,"minecraft:mob_kills":2,"minecraft:damage_dealt":348,"minecraft:swim_one_cm":7639,"minecraft:interact_with_crafting_table":1,"minecraft:fly_one_cm":62875,"minecraft:open_chest":2,"minecraft:crouch_one_cm":2759,"minecraft:play_time":18648,"minecraft:sneak_time":1982,"minecraft:walk_under_water_one_cm":82,"minecraft:jump":252,"minecraft:leave_game":1,"minecraft:walk_on_water_one_cm":1911,"minecraft:time_since_death":18648,"minecraft:sleep_in_bed":1,"minecraft:climb_one_cm":9884,"minecraft:total_world_time":18648,"minecraft:fall_one_cm":6895},"minecraft:broken":{"minecraft:wooden_axe":1},"minecraft:picked_up":{"minecraft:stick":3,"minecraft:crafting_table":1,"minecraft:jungle_log":46,"minecraft:torch":2,"minecraft:oak_log":6,"minecraft:light_gray_bed":1,"minecraft:rotten_flesh":8,"minecraft:red_sand":1,"minecraft:jungle_sapling":1},"minecraft:used":{"minecraft:oak_log":4,"minecraft:wooden_axe":94,"minecraft:red_sand":1,"minecraft:rotten_flesh":8,"minecraft:crafting_table":1,"alexsmobs:animal_dictionary":1},"minecraft:mined":{"horror_element_mod:dead_pig":2,"minecraft:jungle_leaves":11,"minecraft:crafting_table":1,"minecraft:red_sand":1,"minecraft:oak_log":7,"minecraft:flowering_azalea_leaves":1,"minecraft:vine":19,"minecraft:jungle_log":50,"minecraft:dead_bush":5,"minecraft:light_gray_bed":1,"minecraft:azalea_leaves":2,"minecraft:wall_torch":2}},"DataVersion":3465}