{"stats":{"minecraft:custom":{"minecraft:mob_kills":34,"minecraft:interact_with_crafting_table":8,"minecraft:damage_dealt_resisted":370,"minecraft:leave_game":3,"minecraft:time_since_death":333,"minecraft:climb_one_cm":53855,"minecraft:sprint_one_cm":183882,"minecraft:walk_one_cm":343293,"minecraft:damage_blocked_by_shield":92,"minecraft:drop":147,"minecraft:play_time":143148,"minecraft:deaths":17,"minecraft:sneak_time":11060,"minecraft:walk_under_water_one_cm":2059,"minecraft:jump":1236,"minecraft:walk_on_water_one_cm":9580,"minecraft:total_world_time":143148,"minecraft:interact_with_furnace":14,"minecraft:sleep_in_bed":3,"minecraft:time_since_rest":17,"minecraft:damage_taken":7579,"minecraft:damage_dealt":1076,"minecraft:swim_one_cm":14463,"minecraft:fly_one_cm":132837,"minecraft:player_kills":5,"minecraft:open_chest":20,"minecraft:crouch_one_cm":20553,"tombstone:undead_killed":26,"minecraft:fall_one_cm":22390},"minecraft:killed":{"minecraft:spider":4,"minecraft:phantom":2,"alexsmobs:leafcutter_ant":1,"hordes:husk_player":5,"minecraft:sheep":1,"minecraft:zombie":21},"minecraft:killed_by":{"minecraft:player":9,"minecraft:zombie":4},"minecraft:picked_up":{"minecraft:fishing_rod":1,"minecraft:crafting_table":5,"minecraft:clay_ball":105,"minecraft:wooden_pickaxe":1,"minecraft:enchanted_book":4,"minecraft:chain":3,"minecraft:shield":15,"minecraft:iron_axe":3,"minecraft:raw_copper":136,"tacz:ammo":787,"minecraft:beetroot":2,"minecraft:red_sand":2,"minecraft:spruce_planks":145,"minecraft:jungle_sapling":2,"minecraft:iron_pickaxe":13,"minecraft:melon_slice":7,"minecraft:sugar_cane":20,"minecraft:stick":10,"minecraft:raw_iron":34,"minecraft:copper_ingot":18,"minecraft:torch":44,"tacz:attachment":1,"tombstone:grave_dust":4,"minecraft:diorite":42,"minecraft:carrot":7,"minecraft:redstone":1,"minecraft:stone_shovel":1,"minecraft:light_gray_bed":4,"minecraft:rotten_flesh":42,"minecraft:beetroot_seeds":9,"minecraft:mutton":6,"minecraft:white_wool":3,"minecraft:cobblestone":278,"minecraft:jungle_log":113,"minecraft:andesite":1,"bunker_down:steel_vent":2,"minecraft:flint":14,"minecraft:oak_log":13,"bunker_down:airlock_iron_door":1,"tombstone:gift":5,"bunker_down:steel_block":52,"minecraft:cooked_mutton":2,"minecraft:raw_gold":84,"minecraft:stone_pickaxe":3,"minecraft:iron_ingot":70,"tacz:gun_smith_table":1,"minecraft:iron_sword":1,"minecraft:gravel":25,"minecraft:jungle_planks":137,"alexsmobs:animal_dictionary":1,"minecraft:spider_eye":1,"bunker_down:steel_block_slab":6,"minecraft:bundle":1,"minecraft:stone_axe":5,"butcher:butchersguidebook":1,"tacz:modern_kinetic_gun":10,"minecraft:lever":9,"minecraft:granite":28,"minecraft:spruce_button":4,"tombstone:magic_scroll":9,"minecraft:coal":90},"minecraft:mined":{"minecraft:spruce_planks":1,"minecraft:jungle_leaves":11,"minecraft:lever":1,"minecraft:granite":29,"minecraft:red_sand":1,"minecraft:jungle_planks":8,"minecraft:jungle_log":57,"minecraft:light_gray_bed":1,"alexsmobs:leafcutter_ant_chamber":1,"minecraft:carrots":3,"minecraft:andesite":3,"minecraft:pumpkin":2,"minecraft:flowering_azalea_leaves":1,"minecraft:vine":20,"bunker_down:steel_block":6,"minecraft:azalea_leaves":2,"minecraft:stone":193,"bunker_down:airlock_iron_door":1,"horror_element_mod:dead_pig":2,"minecraft:clay":26,"minecraft:crafting_table":2,"minecraft:dead_bush":6,"minecraft:copper_ore":24,"minecraft:cobblestone":4,"minecraft:diorite":16,"minecraft:wall_torch":9,"bunker_down:steel_block_slab":2,"minecraft:grass":2,"minecraft:oak_log":13,"minecraft:coal_ore":36,"minecraft:beetroots":4,"minecraft:gravel":16,"minecraft:gold_ore":21,"minecraft:oak_leaves":43},"minecraft:used":{"minecraft:red_sand":1,"minecraft:stone_sword":2,"minecraft:stone_shovel":1,"minecraft:spruce_planks":64,"minecraft:shield":2,"minecraft:rotten_flesh":22,"minecraft:torch":12,"minecraft:jungle_planks":57,"minecraft:carrot":4,"minecraft:granite":19,"minecraft:obsidian":106,"minecraft:wooden_axe":94,"bunker_down:airlock_iron_door":1,"tombstone:gift":8,"minecraft:pumpkin":3,"minecraft:light_gray_bed":1,"minecraft:cooked_mutton":2,"minecraft:stone_pickaxe":294,"minecraft:wooden_pickaxe":47,"minecraft:crafting_table":2,"minecraft:oak_log":4,"minecraft:lever":1,"bunker_down:steel_block":48,"bunker_down:steel_block_slab":4,"minecraft:melon_slice":7,"minecraft:iron_pickaxe":49,"minecraft:stone_button":3,"tombstone:magic_scroll":5,"minecraft:gravel":8,"minecraft:stone_axe":19,"minecraft:wooden_sword":16,"minecraft:cobblestone":27,"minecraft:andesite":1,"alexsmobs:animal_dictionary":1},"minecraft:dropped":{"minecraft:iron_ingot":23,"tombstone:magic_scroll":1,"minecraft:wooden_axe":1,"tombstone:grave_dust":1,"tacz:modern_kinetic_gun":1,"minecraft:iron_axe":2,"minecraft:gravel":17,"minecraft:stone_axe":1,"minecraft:raw_copper":12,"minecraft:beetroot":2,"minecraft:clay_ball":1,"minecraft:carrot":2,"minecraft:shield":2,"minecraft:spruce_planks":1,"minecraft:light_gray_bed":1,"bunker_down:steel_block":19,"tacz:ammo":300,"minecraft:red_sand":1,"minecraft:wooden_pickaxe":1,"tacz:attachment":1},"minecraft:broken":{"minecraft:stone_pickaxe":2,"minecraft:wooden_axe":1},"minecraft:crafted":{"minecraft:wooden_sword":1,"minecraft:stone_shovel":1,"minecraft:stone_pickaxe":4,"minecraft:crafting_table":1,"minecraft:wooden_pickaxe":2,"minecraft:jungle_planks":184,"minecraft:stick":26,"minecraft:wooden_axe":2,"minecraft:stone_sword":1,"minecraft:torch":8}},"DataVersion":3465}