{"stat.useItem.minecraft.bow":1,"stat.pickup.minecraft.bone":3,"stat.leaveGame":2,"stat.mineBlock.minecraft.pumpkin":4,"stat.craftItem.minecraft.iron_axe":1,"stat.mineBlock.minecraft.brown_mushroom":4,"stat.craftItem.zawa.reptile_meat_cooked":1,"stat.pickup.zawa.worm":1,"stat.swimOneCm":17680,"stat.useItem.minecraft.planks":26,"stat.craftItem.minecraft.shield":2,"stat.mineBlock.minecraft.spruce_stairs":1,"stat.useItem.minecraft.dirt":65,"stat.useItem.minecraft.stone_slab2":41,"stat.pickup.minecraft.bow":1,"stat.useItem.minecraft.water_bucket":1,"stat.pickup.minecraft.rotten_flesh":34,"stat.pickup.minecraft.sand":17,"stat.craftItem.minecraft.furnace":9,"stat.entityKilledBy.Spider":1,"stat.drop.minecraft.golden_helmet":1,"stat.useItem.minecraft.egg":1,"stat.craftItem.minecraft.stone_axe":2,"stat.mineBlock.byg.oakleavesdrygreen":3,"stat.craftItem.minecraft.iron_boots":2,"stat.drop.zawa.rat_raw":1,"stat.craftItem.minecraft.stone_pickaxe":2,"stat.pickup.minecraft.cobblestone":381,"stat.craftItem.minecraft.bow":1,"stat.useItem.minecraft.stone_shovel":58,"stat.craftItem.minecraft.stone_sword":2,"stat.flyOneCm":279236,"stat.pickup.minecraft.brown_mushroom":8,"stat.mineBlock.minecraft.sand":17,"stat.pickup.rustic.slate":1,"stat.useItem.minecraft.cooked_beef":3,"stat.mineBlock.minecraft.iron_ore":65,"stat.timeSinceDeath":3379,"stat.useItem.minecraft.iron_pickaxe":381,"stat.craftItem.minecraft.wooden_pickaxe":1,"stat.furnaceInteraction":90,"stat.useItem.minecraft.pumpkin_seeds":15,"stat.craftItem.minecraft.pumpkin_seeds":16,"stat.mineBlock.minecraft.coal_ore":23,"stat.pickup.minecraft.shield":1,"stat.craftItem.minecraft.stone_hoe":1,"stat.pickup.minecraft.string":8,"stat.craftItem.minecraft.golden_helmet":1,"stat.pickup.minecraft.furnace":7,"stat.pickup.tombstone.crafting_ingredient":2,"stat.craftItem.minecraft.stone_slab2":0,"stat.pickup.zawa.reptile_meat_raw":1,"stat.sprintOneCm":345832,"stat.drop.rustic.tomato_seeds":1,"stat.craftItem.minecraft.stick":48,"stat.craftItem.minecraft.stone":12,"stat.useItem.minecraft.wheat_seeds":4,"stat.mineBlock.minecraft.crafting_table":7,"stat.pickup.minecraft.pumpkin_seeds":3,"stat.useItem.minecraft.wooden_shovel":30,"stat.mineBlock.byg.redoaksapling":1,"stat.deaths":5,"stat.mineBlock.minecraft.planks":6,"stat.drop":10,"stat.pickup.minecraft.egg":1,"stat.playOneMinute":120329,"stat.craftItem.minecraft.wooden_shovel":1,"stat.craftItem.minecraft.iron_pickaxe":2,"stat.killEntity.Zombie":5,"stat.pickup.zawa.care_guide":1,"stat.drop.minecraft.bread":2,"stat.mineBlock.minecraft.gold_ore":40,"stat.mineBlock.minecraft.tallgrass":112,"stat.diveOneCm":57170,"stat.chestOpened":13,"stat.mineBlock.byg.oakleavesred":1,"stat.pickup.minecraft.pumpkin":4,"stat.pickup.minecraft.spruce_door":3,"stat.useItem.minecraft.stone":38,"stat.pickup.minecraft.arrow":5,"stat.useItem.minecraft.rotten_flesh":34,"stat.pickup.byg.soapstone":1,"stat.jump":1881,"stat.pickup.minecraft.coal":51,"stat.fallOneCm":49863,"stat.drop.minecraft.stone_sword":1,"stat.useItem.minecraft.stone_axe":55,"stat.crouchOneCm":25908,"stat.pickup.minecraft.rail":2,"stat.craftItem.minecraft.torch":72,"stat.craftItem.minecraft.iron_ingot":68,"stat.craftItem.minecraft.chest":2,"stat.pickup.minecraft.dirt":93,"stat.craftItem.minecraft.iron_helmet":1,"stat.useItem.zawa.reptile_meat_cooked":1,"stat.drop.minecraft.glass":14,"stat.craftingTableInteraction":53,"stat.pickup.minecraft.iron_ore":68,"stat.boatOneCm":51258,"stat.useItem.minecraft.sapling":6,"stat.pickup.minecraft.gold_ore":39,"stat.pickup.rustic.wind_thistle":8,"stat.pickup.rustic.tomato_seeds":1,"stat.damageTaken":2415,"stat.mineBlock.minecraft.furnace":7,"stat.useItem.minecraft.wooden_pickaxe":8,"stat.useItem.minecraft.furnace":4,"stat.pickup.minecraft.planks":57,"stat.pickup.minecraft.bed":3,"tombstone:undead_killed":8,"stat.pickup.minecraft.wheat_seeds":6,"stat.entityKilledBy.Zombie":1,"stat.useItem.minecraft.stone_pickaxe":261,"stat.useItem.minecraft.stone_sword":65,"stat.craftItem.minecraft.iron_leggings":2,"stat.damageDealt":2792,"stat.craftItem.minecraft.glass":14,"stat.sleepInBed":4,"stat.mineBlock.minecraft.dirt":81,"stat.pickup.zawa.rat_raw":1,"stat.craftItem.minecraft.iron_sword":1,"stat.pickup.minecraft.boat":1,"stat.craftItem.minecraft.stone_shovel":1,"stat.walkOneCm":300469,"stat.pickup.rustic.bee":1,"stat.useItem.minecraft.bread":4,"stat.useItem.minecraft.torch":69,"stat.useItem.minecraft.chest":1,"stat.pickup.minecraft.crafting_table":5,"stat.useItem.minecraft.log":1,"stat.useItem.minecraft.cobblestone":7,"stat.craftItem.minecraft.crafting_table":3,"stat.mineBlock.minecraft.double_plant":10,"stat.craftItem.minecraft.boat":1,"stat.pickup.minecraft.log":34,"stat.craftItem.byg.greatoakplanks":20,"stat.useItem.tombstone.gift":1,"stat.drop.minecraft.iron_chestplate":1,"stat.craftItem.minecraft.gold_ingot":39,"stat.pickup.minecraft.stone":74,"stat.craftItem.minecraft.iron_chestplate":2,"stat.pickup.minecraft.baked_potato":3,"stat.pickup.minecraft.sapling":11,"stat.pickup.minecraft.cooked_beef":3,"stat.killEntity.Skeleton":3,"stat.mineBlock.byg.oakleavesorange":2,"stat.craftItem.minecraft.bucket":1,"stat.craftItem.minecraft.planks":96,"stat.useItem.minecraft.iron_sword":15,"stat.mineBlock.byg.soapstone":1,"stat.killEntity.Spider":5,"stat.pickup.minecraft.bread":6,"stat.pickup.minecraft.stone_sword":1,"stat.pickup.byg.greatoaklog":23,"stat.mobKills":21,"stat.mineBlock.minecraft.log":26,"stat.craftItem.minecraft.shears":1,"stat.useItem.carryon.entity_item":1,"stat.useItem.minecraft.stone_hoe":84,"stat.useItem.minecraft.boat":1,"stat.useItem.minecraft.spruce_door":3,"stat.mineBlock.minecraft.leaves":18,"stat.pickup.minecraft.torch":1,"stat.pickup.byg.redoaksapling":1,"stat.pickup.minecraft.red_flower":2,"stat.sneakTime":13428,"stat.pickup.rustic.chili_pepper_seeds":7,"stat.drop.minecraft.stone_axe":1,"stat.useItem.minecraft.baked_potato":3,"stat.drop.rustic.bee":1,"stat.mineBlock.rustic.wind_thistle":4,"stat.mineBlock.minecraft.stone":508,"stat.craftItem.minecraft.spruce_door":3}