{"stat.useItem.minecraft.bow":1,"stat.pickup.minecraft.bone":2,"stat.leaveGame":2,"stat.mineBlock.minecraft.pumpkin":4,"stat.craftItem.zawa.reptile_meat_cooked":1,"stat.pickup.zawa.worm":1,"stat.swimOneCm":17680,"stat.useItem.minecraft.planks":25,"stat.craftItem.minecraft.shield":2,"stat.mineBlock.minecraft.spruce_stairs":1,"stat.useItem.minecraft.dirt":31,"stat.useItem.minecraft.stone_slab2":24,"stat.pickup.minecraft.bow":1,"stat.useItem.minecraft.water_bucket":1,"stat.pickup.minecraft.rotten_flesh":34,"stat.pickup.minecraft.sand":17,"stat.craftItem.minecraft.furnace":4,"stat.entityKilledBy.Spider":1,"stat.useItem.minecraft.egg":1,"stat.craftItem.minecraft.stone_axe":2,"stat.mineBlock.byg.oakleavesdrygreen":3,"stat.craftItem.minecraft.iron_boots":1,"stat.drop.zawa.rat_raw":1,"stat.craftItem.minecraft.stone_pickaxe":1,"stat.pickup.minecraft.cobblestone":94,"stat.craftItem.minecraft.bow":1,"stat.useItem.minecraft.stone_shovel":28,"stat.craftItem.minecraft.stone_sword":2,"stat.flyOneCm":235065,"stat.mineBlock.minecraft.sand":17,"stat.pickup.rustic.slate":1,"stat.useItem.minecraft.cooked_beef":3,"stat.mineBlock.minecraft.iron_ore":34,"stat.timeSinceDeath":11797,"stat.useItem.minecraft.iron_pickaxe":24,"stat.craftItem.minecraft.wooden_pickaxe":1,"stat.furnaceInteraction":42,"stat.useItem.minecraft.pumpkin_seeds":3,"stat.craftItem.minecraft.pumpkin_seeds":16,"stat.mineBlock.minecraft.coal_ore":7,"stat.pickup.minecraft.shield":1,"stat.craftItem.minecraft.stone_hoe":1,"stat.pickup.minecraft.string":6,"stat.pickup.minecraft.furnace":2,"stat.pickup.tombstone.crafting_ingredient":2,"stat.craftItem.minecraft.stone_slab2":0,"stat.pickup.zawa.reptile_meat_raw":1,"stat.sprintOneCm":274313,"stat.drop.rustic.tomato_seeds":1,"stat.craftItem.minecraft.stick":32,"stat.useItem.minecraft.wheat_seeds":4,"stat.mineBlock.minecraft.crafting_table":6,"stat.useItem.minecraft.wooden_shovel":30,"stat.mineBlock.byg.redoaksapling":1,"stat.deaths":3,"stat.mineBlock.minecraft.planks":6,"stat.drop":8,"stat.pickup.minecraft.egg":1,"stat.playOneMinute":83429,"stat.craftItem.minecraft.wooden_shovel":1,"stat.craftItem.minecraft.iron_pickaxe":1,"stat.killEntity.Zombie":5,"stat.pickup.zawa.care_guide":1,"stat.drop.minecraft.bread":2,"stat.mineBlock.minecraft.tallgrass":111,"stat.diveOneCm":57170,"stat.chestOpened":6,"stat.mineBlock.byg.oakleavesred":1,"stat.pickup.minecraft.pumpkin":4,"stat.pickup.minecraft.spruce_door":1,"stat.pickup.minecraft.arrow":3,"stat.useItem.minecraft.rotten_flesh":32,"stat.jump":1384,"stat.pickup.minecraft.coal":34,"stat.fallOneCm":38409,"stat.drop.minecraft.stone_sword":1,"stat.useItem.minecraft.stone_axe":54,"stat.crouchOneCm":10492,"stat.craftItem.minecraft.torch":32,"stat.craftItem.minecraft.iron_ingot":37,"stat.pickup.minecraft.dirt":60,"stat.craftItem.minecraft.iron_helmet":1,"stat.useItem.zawa.reptile_meat_cooked":1,"stat.drop.minecraft.glass":14,"stat.craftingTableInteraction":38,"stat.pickup.minecraft.iron_ore":37,"stat.boatOneCm":51258,"stat.useItem.minecraft.sapling":3,"stat.pickup.rustic.wind_thistle":8,"stat.pickup.rustic.tomato_seeds":1,"stat.damageTaken":1965,"stat.mineBlock.minecraft.furnace":2,"stat.useItem.minecraft.wooden_pickaxe":8,"stat.useItem.minecraft.furnace":2,"stat.pickup.minecraft.planks":57,"stat.pickup.minecraft.bed":3,"tombstone:undead_killed":7,"stat.pickup.minecraft.wheat_seeds":6,"stat.entityKilledBy.Zombie":1,"stat.useItem.minecraft.stone_pickaxe":106,"stat.useItem.minecraft.stone_sword":65,"stat.craftItem.minecraft.iron_leggings":1,"stat.damageDealt":2599,"stat.craftItem.minecraft.glass":14,"stat.sleepInBed":4,"stat.mineBlock.minecraft.dirt":48,"stat.pickup.zawa.rat_raw":1,"stat.craftItem.minecraft.iron_sword":1,"stat.pickup.minecraft.boat":1,"stat.craftItem.minecraft.stone_shovel":1,"stat.walkOneCm":202369,"stat.pickup.rustic.bee":1,"stat.useItem.minecraft.bread":4,"stat.useItem.minecraft.torch":19,"stat.pickup.minecraft.crafting_table":4,"stat.useItem.minecraft.log":1,"stat.useItem.minecraft.cobblestone":2,"stat.craftItem.minecraft.crafting_table":2,"stat.mineBlock.minecraft.double_plant":10,"stat.craftItem.minecraft.boat":1,"stat.pickup.minecraft.log":34,"stat.craftItem.byg.greatoakplanks":20,"stat.useItem.tombstone.gift":1,"stat.pickup.minecraft.stone":2,"stat.craftItem.minecraft.iron_chestplate":1,"stat.pickup.minecraft.baked_potato":3,"stat.pickup.minecraft.sapling":6,"stat.pickup.minecraft.cooked_beef":3,"stat.killEntity.Skeleton":2,"stat.mineBlock.byg.oakleavesorange":2,"stat.craftItem.minecraft.bucket":1,"stat.craftItem.minecraft.planks":80,"stat.useItem.minecraft.iron_sword":9,"stat.killEntity.Spider":4,"stat.pickup.minecraft.bread":6,"stat.pickup.minecraft.stone_sword":1,"stat.pickup.byg.greatoaklog":23,"stat.mobKills":19,"stat.mineBlock.minecraft.log":26,"stat.craftItem.minecraft.shears":1,"stat.useItem.carryon.entity_item":1,"stat.useItem.minecraft.stone_hoe":84,"stat.useItem.minecraft.boat":1,"stat.useItem.minecraft.spruce_door":2,"stat.mineBlock.minecraft.leaves":14,"stat.pickup.minecraft.torch":1,"stat.pickup.byg.redoaksapling":1,"stat.pickup.minecraft.red_flower":2,"stat.sneakTime":4048,"stat.pickup.rustic.chili_pepper_seeds":7,"stat.drop.minecraft.stone_axe":1,"stat.useItem.minecraft.baked_potato":3,"stat.drop.rustic.bee":1,"stat.mineBlock.rustic.wind_thistle":4,"stat.mineBlock.minecraft.stone":94,"stat.craftItem.minecraft.spruce_door":3}