{"stat.leaveGame":1,"stat.mineBlock.minecraft.pumpkin":4,"stat.craftItem.zawa.reptile_meat_cooked":1,"stat.pickup.zawa.worm":1,"stat.swimOneCm":16614,"stat.useItem.minecraft.planks":25,"stat.useItem.minecraft.dirt":22,"stat.useItem.minecraft.stone_slab2":12,"stat.pickup.minecraft.rotten_flesh":22,"stat.pickup.minecraft.sand":17,"stat.craftItem.minecraft.furnace":2,"stat.entityKilledBy.Spider":1,"stat.useItem.minecraft.egg":1,"stat.craftItem.minecraft.stone_axe":2,"stat.mineBlock.byg.oakleavesdrygreen":3,"stat.drop.zawa.rat_raw":1,"stat.craftItem.minecraft.stone_pickaxe":1,"stat.pickup.minecraft.cobblestone":88,"stat.useItem.minecraft.stone_shovel":28,"stat.craftItem.minecraft.stone_sword":2,"stat.flyOneCm":164212,"stat.mineBlock.minecraft.sand":17,"stat.useItem.minecraft.cooked_beef":3,"stat.mineBlock.minecraft.iron_ore":7,"stat.timeSinceDeath":10223,"stat.craftItem.minecraft.wooden_pickaxe":1,"stat.furnaceInteraction":8,"stat.useItem.minecraft.pumpkin_seeds":3,"stat.craftItem.minecraft.pumpkin_seeds":4,"stat.craftItem.minecraft.stone_hoe":1,"stat.pickup.minecraft.string":2,"stat.pickup.tombstone.crafting_ingredient":2,"stat.craftItem.minecraft.stone_slab2":0,"stat.pickup.zawa.reptile_meat_raw":1,"stat.sprintOneCm":191267,"stat.craftItem.minecraft.stick":24,"stat.mineBlock.minecraft.crafting_table":5,"stat.useItem.minecraft.wooden_shovel":30,"stat.deaths":2,"stat.mineBlock.minecraft.planks":6,"stat.drop":7,"stat.pickup.minecraft.egg":1,"stat.playOneMinute":56654,"stat.craftItem.minecraft.wooden_shovel":1,"stat.killEntity.Zombie":5,"stat.pickup.zawa.care_guide":1,"stat.drop.minecraft.bread":2,"stat.mineBlock.minecraft.tallgrass":5,"stat.diveOneCm":57170,"stat.chestOpened":6,"stat.mineBlock.byg.oakleavesred":1,"stat.pickup.minecraft.pumpkin":4,"stat.pickup.minecraft.arrow":1,"stat.useItem.minecraft.rotten_flesh":22,"stat.jump":941,"stat.fallOneCm":29346,"stat.drop.minecraft.stone_sword":1,"stat.useItem.minecraft.stone_axe":34,"stat.crouchOneCm":7661,"stat.craftItem.minecraft.torch":32,"stat.pickup.minecraft.dirt":52,"stat.useItem.zawa.reptile_meat_cooked":1,"stat.drop.minecraft.glass":14,"stat.craftingTableInteraction":23,"stat.pickup.minecraft.iron_ore":7,"stat.boatOneCm":51258,"stat.useItem.minecraft.sapling":3,"stat.pickup.rustic.wind_thistle":5,"stat.damageTaken":1273,"stat.useItem.minecraft.wooden_pickaxe":8,"stat.pickup.minecraft.planks":55,"tombstone:undead_killed":6,"stat.pickup.minecraft.wheat_seeds":1,"stat.useItem.minecraft.stone_pickaxe":89,"stat.useItem.minecraft.stone_sword":64,"stat.damageDealt":2213,"stat.craftItem.minecraft.glass":14,"stat.sleepInBed":1,"stat.mineBlock.minecraft.dirt":42,"stat.pickup.zawa.rat_raw":1,"stat.pickup.minecraft.boat":1,"stat.craftItem.minecraft.stone_shovel":1,"stat.walkOneCm":122210,"stat.pickup.rustic.bee":1,"stat.useItem.minecraft.bread":4,"stat.useItem.minecraft.torch":7,"stat.pickup.minecraft.crafting_table":3,"stat.craftItem.minecraft.crafting_table":1,"stat.mineBlock.minecraft.double_plant":4,"stat.craftItem.minecraft.boat":1,"stat.pickup.minecraft.log":24,"stat.craftItem.byg.greatoakplanks":20,"stat.pickup.minecraft.stone":1,"stat.pickup.minecraft.baked_potato":3,"stat.pickup.minecraft.sapling":5,"stat.pickup.minecraft.cooked_beef":3,"stat.killEntity.Skeleton":1,"stat.mineBlock.byg.oakleavesorange":2,"stat.craftItem.minecraft.planks":76,"stat.killEntity.Spider":2,"stat.pickup.minecraft.bread":6,"stat.pickup.minecraft.stone_sword":1,"stat.pickup.byg.greatoaklog":23,"stat.mobKills":16,"stat.mineBlock.minecraft.log":16,"stat.useItem.carryon.entity_item":1,"stat.useItem.minecraft.stone_hoe":4,"stat.useItem.minecraft.boat":1,"stat.mineBlock.minecraft.leaves":6,"stat.pickup.minecraft.red_flower":2,"stat.sneakTime":2898,"stat.drop.minecraft.stone_axe":1,"stat.useItem.minecraft.baked_potato":2,"stat.drop.rustic.bee":1,"stat.mineBlock.rustic.wind_thistle":3,"stat.mineBlock.minecraft.stone":89}