{"stat.useItem.minecraft.bow":4,"stat.pickup.minecraft.bone":3,"stat.leaveGame":2,"stat.mineBlock.minecraft.pumpkin":6,"stat.craftItem.minecraft.iron_axe":1,"stat.mineBlock.minecraft.brown_mushroom":4,"stat.craftItem.zawa.reptile_meat_cooked":1,"stat.pickup.zawa.worm":1,"stat.swimOneCm":19345,"stat.useItem.minecraft.planks":26,"stat.craftItem.minecraft.shield":2,"stat.climbOneCm":2660,"stat.mineBlock.minecraft.spruce_stairs":1,"stat.useItem.minecraft.dirt":65,"stat.useItem.minecraft.stone_slab2":45,"stat.pickup.minecraft.bow":1,"stat.useItem.minecraft.water_bucket":1,"stat.mineBlock.minecraft.red_mushroom":1,"stat.pickup.minecraft.rotten_flesh":36,"stat.pickup.minecraft.sand":17,"stat.craftItem.minecraft.furnace":9,"stat.entityKilledBy.Spider":1,"stat.drop.minecraft.golden_helmet":1,"stat.pickup.zawa.carnivore_meat_raw":1,"stat.useItem.minecraft.egg":1,"stat.craftItem.minecraft.stone_axe":2,"stat.mineBlock.byg.oakleavesdrygreen":3,"stat.craftItem.minecraft.iron_boots":2,"stat.drop.zawa.rat_raw":1,"stat.craftItem.minecraft.stone_pickaxe":2,"stat.pickup.minecraft.cobblestone":381,"stat.craftItem.minecraft.bow":1,"stat.useItem.minecraft.stone_shovel":58,"stat.craftItem.minecraft.stone_sword":2,"stat.flyOneCm":333689,"stat.pickup.minecraft.brown_mushroom":8,"stat.mineBlock.minecraft.sand":17,"stat.pickup.rustic.slate":1,"stat.useItem.minecraft.cooked_beef":3,"stat.useItem.zawa.carnivore_meat_cooked":1,"stat.mineBlock.minecraft.iron_ore":65,"stat.timeSinceDeath":8819,"stat.useItem.minecraft.iron_pickaxe":382,"stat.craftItem.minecraft.wooden_pickaxe":1,"stat.furnaceInteraction":92,"stat.useItem.minecraft.pumpkin_seeds":15,"stat.craftItem.minecraft.pumpkin_seeds":16,"stat.mineBlock.minecraft.coal_ore":23,"stat.pickup.minecraft.shield":1,"stat.craftItem.minecraft.stone_hoe":1,"stat.pickup.minecraft.string":9,"stat.craftItem.minecraft.golden_helmet":1,"stat.pickup.minecraft.furnace":8,"stat.pickup.tombstone.crafting_ingredient":2,"stat.craftItem.minecraft.stone_slab2":0,"stat.craftItem.minecraft.golden_leggings":1,"stat.pickup.zawa.reptile_meat_raw":1,"stat.sprintOneCm":405744,"stat.drop.rustic.tomato_seeds":1,"stat.craftItem.minecraft.stick":68,"stat.craftItem.minecraft.stone":12,"stat.useItem.minecraft.wheat_seeds":10,"stat.craftItem.zawa.carnivore_meat_cooked":1,"stat.mineBlock.minecraft.crafting_table":7,"stat.pickup.minecraft.pumpkin_seeds":3,"stat.useItem.minecraft.wooden_shovel":30,"stat.useItem.minecraft.dye":2,"stat.mineBlock.byg.redoaksapling":1,"stat.deaths":6,"stat.mineBlock.minecraft.planks":6,"stat.drop":11,"stat.pickup.minecraft.egg":1,"stat.playOneMinute":132929,"stat.craftItem.minecraft.wooden_shovel":1,"stat.useItem.minecraft.ladder":7,"stat.craftItem.minecraft.iron_pickaxe":2,"stat.useItem.minecraft.shears":1,"stat.killEntity.Zombie":6,"stat.pickup.zawa.care_guide":1,"stat.craftItem.minecraft.dye":3,"stat.drop.minecraft.bread":2,"stat.mineBlock.minecraft.gold_ore":40,"stat.mineBlock.minecraft.tallgrass":154,"stat.diveOneCm":57438,"stat.pickup.minecraft.wheat":2,"stat.chestOpened":15,"stat.mineBlock.byg.oakleavesred":1,"stat.pickup.minecraft.pumpkin":6,"stat.pickup.minecraft.spruce_door":3,"stat.craftItem.minecraft.ladder":9,"stat.useItem.minecraft.stone":38,"stat.pickup.minecraft.arrow":8,"stat.useItem.minecraft.rotten_flesh":36,"stat.pickup.byg.soapstone":1,"stat.jump":2172,"stat.pickup.minecraft.coal":51,"stat.fallOneCm":61531,"stat.drop.minecraft.stone_sword":1,"stat.useItem.minecraft.stone_axe":57,"stat.crouchOneCm":26177,"stat.pickup.minecraft.rail":2,"stat.craftItem.minecraft.torch":72,"stat.craftItem.minecraft.iron_ingot":68,"stat.craftItem.minecraft.chest":2,"stat.pickup.minecraft.dirt":93,"stat.craftItem.minecraft.iron_helmet":1,"stat.pickup.minecraft.red_mushroom":2,"stat.useItem.zawa.reptile_meat_cooked":1,"stat.drop.minecraft.glass":14,"stat.craftingTableInteraction":58,"stat.pickup.minecraft.iron_ore":68,"stat.boatOneCm":51258,"stat.useItem.minecraft.sapling":6,"stat.pickup.minecraft.gold_ore":39,"stat.pickup.rustic.wind_thistle":8,"stat.pickup.rustic.tomato_seeds":3,"stat.pickup.minecraft.leaves":59,"stat.damageTaken":2767,"stat.mineBlock.minecraft.furnace":8,"stat.mineBlock.minecraft.torch":1,"stat.useItem.minecraft.wooden_pickaxe":8,"stat.useItem.minecraft.furnace":5,"stat.pickup.minecraft.planks":57,"stat.pickup.minecraft.bed":3,"tombstone:undead_killed":9,"stat.pickup.minecraft.wheat_seeds":14,"stat.entityKilledBy.Zombie":1,"stat.useItem.minecraft.stone_pickaxe":261,"stat.useItem.minecraft.stone_sword":65,"stat.craftItem.minecraft.iron_leggings":2,"stat.damageDealt":3088,"stat.craftItem.minecraft.glass":14,"stat.sleepInBed":4,"stat.mineBlock.minecraft.dirt":81,"stat.pickup.zawa.rat_raw":1,"stat.craftItem.minecraft.iron_sword":2,"stat.pickup.minecraft.boat":1,"stat.craftItem.minecraft.stone_shovel":1,"stat.walkOneCm":330313,"stat.pickup.rustic.bee":1,"stat.useItem.minecraft.bread":4,"stat.useItem.minecraft.torch":72,"stat.useItem.minecraft.chest":1,"stat.pickup.minecraft.crafting_table":5,"stat.useItem.minecraft.log":1,"stat.useItem.minecraft.cobblestone":7,"stat.craftItem.minecraft.crafting_table":3,"stat.mineBlock.minecraft.double_plant":11,"stat.craftItem.minecraft.boat":1,"stat.pickup.minecraft.log":34,"stat.craftItem.byg.greatoakplanks":20,"stat.useItem.tombstone.gift":1,"stat.drop.minecraft.iron_chestplate":1,"stat.craftItem.minecraft.gold_ingot":39,"stat.pickup.minecraft.tallgrass":1,"stat.pickup.minecraft.stone":74,"stat.craftItem.minecraft.iron_chestplate":2,"stat.pickup.minecraft.baked_potato":3,"stat.pickup.minecraft.sapling":11,"stat.useItem.minecraft.leaves":9,"stat.pickup.minecraft.cooked_beef":3,"stat.killEntity.Skeleton":3,"stat.drop.minecraft.bow":1,"stat.mineBlock.byg.oakleavesorange":2,"stat.craftItem.minecraft.bucket":1,"stat.craftItem.minecraft.planks":112,"stat.useItem.minecraft.iron_sword":22,"stat.mineBlock.byg.soapstone":1,"stat.killEntity.Spider":6,"stat.pickup.minecraft.bread":6,"stat.pickup.minecraft.stone_sword":1,"stat.pickup.byg.greatoaklog":23,"stat.mobKills":24,"stat.mineBlock.minecraft.log":26,"stat.craftItem.minecraft.shears":1,"stat.useItem.carryon.entity_item":1,"stat.useItem.minecraft.stone_hoe":84,"stat.useItem.minecraft.boat":1,"stat.useItem.minecraft.spruce_door":3,"stat.mineBlock.minecraft.leaves":77,"stat.craftItem.minecraft.golden_boots":1,"stat.pickup.minecraft.torch":2,"stat.pickup.byg.redoaksapling":1,"stat.pickup.minecraft.red_flower":2,"stat.sneakTime":13502,"stat.pickup.rustic.chili_pepper_seeds":9,"stat.drop.minecraft.stone_axe":1,"stat.useItem.minecraft.baked_potato":3,"stat.drop.rustic.bee":1,"stat.mineBlock.rustic.wind_thistle":4,"stat.mineBlock.minecraft.stone":508,"stat.craftItem.minecraft.spruce_door":3}