{"stat.chestOpened":6,"stat.pickup.minecraft.bone":1,"stat.leaveGame":3,"stat.pickup.minecraft.gravel":1,"stat.mineBlock.minecraft.cobblestone":8,"stat.pickup.minecraft.stone_pickaxe":1,"stat.pickup.minecraft.flint":1,"stat.pickup.rustic.chamomile":3,"stat.mineBlock.rustic.leaves":2,"stat.pickup.byg.soapstone":6,"stat.swimOneCm":4995,"stat.jump":956,"stat.pickup.zawa.worm":2,"stat.pickup.minecraft.coal":51,"stat.fallOneCm":14812,"stat.craftItem.minecraft.shield":1,"stat.useItem.minecraft.stone_axe":65,"stat.useItem.byg.blueberry":1,"stat.crouchOneCm":16761,"stat.craftItem.minecraft.torch":4,"stat.craftItem.minecraft.iron_ingot":41,"stat.pickup.byg.scoria":30,"stat.pickup.minecraft.dirt":45,"stat.useItem.minecraft.dirt":42,"stat.craftItem.minecraft.iron_helmet":2,"stat.useItem.minecraft.stone_slab2":12,"stat.craftingTableInteraction":16,"stat.pickup.minecraft.iron_ore":81,"stat.pickup.minecraft.rotten_flesh":6,"stat.pickup.minecraft.sand":1,"stat.useItem.minecraft.sapling":3,"stat.pickup.minecraft.gold_ore":7,"stat.mineBlock.minecraft.lapis_ore":4,"stat.pickup.rustic.wind_thistle":1,"stat.craftItem.minecraft.stone_axe":1,"stat.craftItem.minecraft.iron_boots":2,"stat.drop.zawa.worm":1,"stat.mineBlock.minecraft.stone_stairs":12,"stat.damageTaken":1560,"stat.mineBlock.byg.blueberrybush":1,"stat.craftItem.minecraft.stone_pickaxe":3,"stat.mineBlock.minecraft.torch":2,"stat.useItem.minecraft.wooden_pickaxe":47,"stat.pickup.minecraft.cobblestone":282,"stat.pickup.minecraft.dye":24,"stat.flyOneCm":63053,"stat.pickup.minecraft.bed":4,"tombstone:undead_killed":10,"stat.pickup.minecraft.wheat_seeds":1,"stat.mineBlock.minecraft.sand":1,"stat.mineBlock.byg.scoria":30,"stat.mineBlock.minecraft.gravel":2,"stat.useItem.minecraft.stone_pickaxe":358,"stat.craftItem.minecraft.iron_leggings":1,"stat.damageDealt":3195,"stat.pickup.minecraft.redstone":55,"stat.mineBlock.minecraft.iron_ore":83,"stat.pickup.byg.blueberry":2,"stat.sleepInBed":4,"stat.timeSinceDeath":69609,"stat.mineBlock.minecraft.dirt":23,"stat.useItem.minecraft.iron_pickaxe":146,"stat.craftItem.minecraft.wooden_pickaxe":1,"stat.pickup.minecraft.mutton":16,"stat.walkOneCm":194978,"stat.useItem.minecraft.torch":3,"stat.craftItem.minecraft.stone_stairs":116,"stat.pickup.minecraft.crafting_table":1,"stat.useItem.minecraft.cobblestone":34,"stat.craftItem.minecraft.crafting_table":1,"stat.furnaceInteraction":14,"stat.mineBlock.minecraft.coal_ore":50,"stat.pickup.minecraft.log":20,"stat.useItem.tombstone.gift":1,"stat.useItem.minecraft.cooked_mutton":11,"stat.pickup.tombstone.crafting_ingredient":4,"stat.craftItem.minecraft.stone_slab2":0,"stat.pickup.minecraft.stone":57,"stat.craftItem.minecraft.iron_chestplate":1,"stat.pickup.minecraft.sapling":5,"stat.sprintOneCm":79866,"stat.useItem.minecraft.stone_stairs":106,"stat.mineBlock.byg.brownbirchleaves":3,"stat.craftItem.minecraft.stick":24,"stat.killEntity.Skeleton":2,"stat.useItem.carryon.tile_item":2,"stat.craftItem.minecraft.planks":80,"stat.pickup.minecraft.stone_stairs":13,"stat.mineBlock.byg.soapstone":6,"stat.mineBlock.minecraft.diamond_ore":16,"stat.mineBlock.minecraft.crafting_table":1,"stat.mobKills":23,"stat.mineBlock.minecraft.log":19,"stat.useItem.carryon.entity_item":1,"stat.deaths":3,"stat.drop":2,"stat.pickup.minecraft.diamond":16,"stat.mineBlock.minecraft.leaves":9,"stat.playOneMinute":73323,"stat.pickup.minecraft.torch":1,"stat.killEntity.Sheep":12,"stat.mineBlock.minecraft.redstone_ore":12,"stat.sneakTime":6942,"stat.craftItem.minecraft.iron_pickaxe":2,"stat.pickup.minecraft.wool":12,"stat.killEntity.Zombie":8,"stat.pickup.zawa.care_guide":1,"stat.drop.zawa.care_guide":1,"stat.mineBlock.minecraft.stone":320,"stat.mineBlock.minecraft.gold_ore":7,"stat.mineBlock.minecraft.tallgrass":11,"stat.craftItem.minecraft.cooked_mutton":3,"stat.diveOneCm":37009,"stat.pickup.minecraft.cooked_mutton":16}