{"stat.chestOpened":1,"stat.walkOneCm":129265,"stat.useItem.minecraft.torch":3,"stat.leaveGame":3,"stat.craftItem.minecraft.stone_stairs":116,"stat.pickup.minecraft.crafting_table":1,"stat.mineBlock.minecraft.cobblestone":5,"stat.useItem.minecraft.cobblestone":31,"stat.pickup.minecraft.stone_pickaxe":1,"stat.craftItem.minecraft.crafting_table":1,"stat.furnaceInteraction":11,"stat.mineBlock.minecraft.coal_ore":32,"stat.mineBlock.rustic.leaves":2,"stat.pickup.minecraft.log":14,"stat.swimOneCm":4167,"stat.jump":674,"stat.pickup.zawa.worm":2,"stat.pickup.minecraft.coal":33,"stat.fallOneCm":10360,"stat.useItem.tombstone.gift":1,"stat.useItem.minecraft.cooked_mutton":4,"stat.useItem.minecraft.stone_axe":26,"stat.craftItem.minecraft.stone_slab2":0,"stat.pickup.minecraft.stone":52,"stat.useItem.byg.blueberry":1,"stat.crouchOneCm":12622,"stat.craftItem.minecraft.torch":4,"stat.pickup.minecraft.sapling":5,"stat.pickup.minecraft.dirt":18,"stat.sprintOneCm":54534,"stat.useItem.minecraft.stone_slab2":7,"stat.useItem.minecraft.stone_stairs":106,"stat.craftItem.minecraft.stick":12,"stat.craftingTableInteraction":10,"stat.pickup.minecraft.iron_ore":38,"stat.pickup.minecraft.rotten_flesh":1,"stat.pickup.minecraft.sand":1,"stat.useItem.minecraft.sapling":3,"stat.useItem.carryon.tile_item":2,"stat.craftItem.minecraft.planks":56,"stat.pickup.rustic.wind_thistle":1,"stat.pickup.minecraft.stone_stairs":11,"stat.craftItem.minecraft.stone_axe":1,"stat.drop.zawa.worm":1,"stat.mineBlock.minecraft.stone_stairs":11,"stat.damageTaken":1077,"stat.mineBlock.minecraft.crafting_table":1,"stat.mineBlock.byg.blueberrybush":1,"stat.craftItem.minecraft.stone_pickaxe":3,"stat.mineBlock.minecraft.torch":1,"stat.useItem.minecraft.wooden_pickaxe":46,"stat.pickup.minecraft.cobblestone":224,"stat.mobKills":13,"stat.mineBlock.minecraft.log":14,"stat.useItem.carryon.entity_item":1,"stat.flyOneCm":43921,"stat.pickup.minecraft.bed":2,"stat.deaths":3,"stat.pickup.minecraft.wheat_seeds":1,"stat.drop":2,"stat.mineBlock.minecraft.sand":1,"stat.mineBlock.minecraft.leaves":9,"stat.playOneMinute":49023,"stat.killEntity.Sheep":12,"stat.useItem.minecraft.stone_pickaxe":304,"stat.sneakTime":5298,"stat.pickup.minecraft.wool":12,"stat.damageDealt":1318,"stat.mineBlock.minecraft.iron_ore":40,"stat.sleepInBed":2,"stat.pickup.byg.blueberry":2,"stat.timeSinceDeath":45309,"stat.pickup.zawa.care_guide":1,"stat.mineBlock.minecraft.dirt":20,"stat.drop.zawa.care_guide":1,"stat.craftItem.minecraft.wooden_pickaxe":1,"stat.mineBlock.minecraft.stone":262,"stat.mineBlock.minecraft.tallgrass":9,"stat.craftItem.minecraft.cooked_mutton":3,"stat.diveOneCm":37009,"stat.pickup.minecraft.mutton":16,"stat.pickup.minecraft.cooked_mutton":16}