{"stat.pickup.minecraft.sand":1,"stat.walkOneCm":11875,"stat.useItem.minecraft.sapling":3,"stat.craftItem.minecraft.planks":20,"stat.leaveGame":3,"stat.damageTaken":792,"stat.useItem.minecraft.wooden_pickaxe":30,"stat.pickup.minecraft.cobblestone":30,"stat.mobKills":5,"stat.mineBlock.minecraft.log":5,"stat.useItem.carryon.entity_item":1,"stat.pickup.minecraft.log":5,"stat.flyOneCm":20212,"stat.deaths":3,"stat.jump":224,"stat.swimOneCm":1144,"stat.mineBlock.minecraft.sand":1,"stat.mineBlock.minecraft.leaves":8,"stat.playOneMinute":12123,"stat.fallOneCm":3777,"stat.useItem.tombstone.gift":1,"stat.killEntity.Sheep":5,"stat.sneakTime":1395,"stat.pickup.minecraft.wool":5,"stat.damageDealt":453,"stat.crouchOneCm":3880,"stat.timeSinceDeath":8409,"stat.pickup.zawa.care_guide":1,"stat.pickup.minecraft.sapling":4,"stat.sprintOneCm":16419,"stat.mineBlock.minecraft.dirt":1,"stat.useItem.minecraft.stone_slab2":2,"stat.craftItem.minecraft.wooden_pickaxe":1,"stat.mineBlock.minecraft.stone":30,"stat.mineBlock.minecraft.tallgrass":4,"stat.diveOneCm":10828,"stat.pickup.minecraft.mutton":6,"stat.craftItem.minecraft.stick":4,"stat.craftingTableInteraction":4}