{"stat.chestOpened":19,"stat.pickup.minecraft.bone":3,"stat.leaveGame":3,"stat.pickup.minecraft.gravel":3,"stat.pickup.minecraft.arrow":1,"stat.mineBlock.minecraft.cobblestone":8,"stat.pickup.minecraft.stone_pickaxe":1,"stat.pickup.minecraft.flint":1,"stat.pickup.rustic.chamomile":3,"stat.mineBlock.rustic.leaves":2,"stat.pickup.byg.soapstone":8,"stat.swimOneCm":4995,"stat.jump":1230,"stat.pickup.zawa.worm":2,"stat.pickup.minecraft.coal":96,"stat.fallOneCm":20032,"stat.craftItem.minecraft.shield":1,"stat.useItem.minecraft.stone_axe":71,"stat.useItem.byg.blueberry":1,"stat.crouchOneCm":17461,"stat.craftItem.minecraft.torch":24,"stat.craftItem.minecraft.iron_ingot":101,"stat.pickup.byg.scoria":30,"stat.pickup.minecraft.dirt":51,"stat.useItem.minecraft.dirt":45,"stat.craftItem.minecraft.iron_helmet":2,"stat.useItem.minecraft.stone_slab2":15,"stat.craftingTableInteraction":19,"stat.pickup.minecraft.iron_ore":102,"stat.pickup.minecraft.rotten_flesh":6,"stat.pickup.minecraft.sand":1,"stat.useItem.minecraft.sapling":3,"stat.pickup.minecraft.gold_ore":7,"stat.mineBlock.minecraft.lapis_ore":4,"stat.pickup.rustic.wind_thistle":1,"stat.craftItem.minecraft.stone_axe":1,"stat.craftItem.minecraft.iron_boots":2,"stat.drop.zawa.worm":1,"stat.mineBlock.minecraft.stone_stairs":15,"stat.damageTaken":1711,"stat.mineBlock.byg.blueberrybush":4,"stat.craftItem.minecraft.stone_pickaxe":3,"stat.mineBlock.minecraft.torch":3,"stat.useItem.minecraft.wooden_pickaxe":52,"stat.pickup.minecraft.cobblestone":301,"stat.pickup.minecraft.dye":24,"stat.flyOneCm":98805,"stat.pickup.minecraft.bed":4,"tombstone:undead_killed":12,"stat.pickup.minecraft.wheat_seeds":1,"stat.mineBlock.minecraft.sand":1,"stat.mineBlock.byg.scoria":30,"stat.mineBlock.minecraft.gravel":4,"stat.useItem.minecraft.stone_pickaxe":394,"stat.craftItem.minecraft.iron_leggings":1,"stat.damageDealt":3725,"stat.pickup.minecraft.redstone":82,"stat.mineBlock.minecraft.iron_ore":104,"stat.pickup.byg.blueberry":4,"stat.sleepInBed":5,"stat.timeSinceDeath":93909,"stat.mineBlock.minecraft.dirt":29,"stat.useItem.minecraft.iron_pickaxe":161,"stat.craftItem.minecraft.wooden_pickaxe":1,"stat.pickup.minecraft.mutton":17,"stat.craftItem.minecraft.iron_sword":1,"stat.drop.minecraft.cooked_mutton":1,"stat.walkOneCm":239611,"stat.useItem.minecraft.torch":17,"stat.pickup.minecraft.stick":4,"stat.craftItem.minecraft.stone_stairs":116,"stat.pickup.minecraft.crafting_table":1,"stat.useItem.minecraft.cobblestone":34,"stat.craftItem.minecraft.crafting_table":1,"stat.furnaceInteraction":17,"stat.mineBlock.minecraft.coal_ore":50,"stat.pickup.minecraft.log":20,"stat.useItem.tombstone.gift":1,"stat.useItem.minecraft.cooked_mutton":16,"stat.pickup.tombstone.crafting_ingredient":6,"stat.craftItem.minecraft.stone_slab2":0,"stat.pickup.minecraft.stone":59,"stat.craftItem.minecraft.iron_chestplate":1,"stat.pickup.minecraft.sapling":5,"stat.sprintOneCm":136959,"stat.useItem.minecraft.stone_stairs":130,"stat.mineBlock.byg.brownbirchleaves":3,"stat.craftItem.minecraft.stick":24,"stat.pickup.tombstone.magic_scroll":1,"stat.killEntity.Skeleton":3,"stat.useItem.carryon.tile_item":2,"stat.craftItem.minecraft.planks":80,"stat.pickup.minecraft.stone_stairs":16,"stat.mineBlock.byg.soapstone":8,"stat.useItem.minecraft.iron_sword":3,"stat.mineBlock.minecraft.diamond_ore":16,"stat.mineBlock.minecraft.crafting_table":1,"stat.mobKills":26,"stat.mineBlock.minecraft.log":19,"stat.useItem.carryon.entity_item":1,"stat.deaths":3,"stat.drop":3,"stat.pickup.minecraft.diamond":16,"stat.mineBlock.minecraft.leaves":9,"stat.pickup.minecraft.egg":5,"stat.playOneMinute":97623,"stat.pickup.minecraft.torch":2,"stat.killEntity.Sheep":13,"stat.mineBlock.minecraft.redstone_ore":18,"stat.sneakTime":7187,"stat.craftItem.minecraft.iron_pickaxe":2,"stat.pickup.minecraft.wool":13,"stat.killEntity.Zombie":9,"stat.pickup.zawa.care_guide":1,"stat.drop.zawa.care_guide":1,"stat.mineBlock.minecraft.stone":341,"stat.mineBlock.minecraft.gold_ore":7,"stat.mineBlock.minecraft.tallgrass":13,"stat.craftItem.minecraft.cooked_mutton":3,"stat.diveOneCm":37009,"stat.pickup.minecraft.cooked_mutton":17}