{"stat.pickup.minecraft.bone":5,"stat.useItem.minecraft.iron_axe":60,"stat.leaveGame":9,"stat.pickup.minecraft.flint":1,"stat.mineBlock.minecraft.yellow_flower":1,"stat.useItem.byg.greenapple":1,"stat.mineBlock.minecraft.brown_mushroom":12,"stat.craftItem.minecraft.wool":1,"stat.craftItem.zawa.reptile_meat_cooked":1,"stat.mineBlock.minecraft.sandstone":3,"stat.useItem.minecraft.mutton":7,"stat.swimOneCm":15823,"stat.pickup.zawa.worm":5,"stat.mineBlock.minecraft.spruce_stairs":4,"stat.useItem.minecraft.dirt":6,"stat.useItem.minecraft.stone_slab2":23,"stat.pickup.minecraft.iron_boots":1,"stat.pickup.minecraft.rotten_flesh":31,"stat.pickup.minecraft.sand":26,"stat.craftItem.minecraft.furnace":1,"stat.useItem.zawa.raw_frog_leg":2,"stat.craftItem.minecraft.stone_axe":1,"stat.mineBlock.byg.oakleavesdrygreen":2,"stat.useItem.minecraft.birch_boat":2,"stat.craftItem.minecraft.stone_pickaxe":3,"stat.craftItem.minecraft.cooked_beef":11,"stat.pickup.minecraft.cobblestone":169,"stat.craftItem.minecraft.stone_sword":1,"stat.flyOneCm":288869,"stat.pickup.minecraft.sandstone":3,"stat.pickup.minecraft.brown_mushroom":10,"stat.mineBlock.minecraft.sand":26,"stat.useItem.minecraft.cooked_beef":6,"stat.mineBlock.minecraft.iron_ore":12,"stat.timeSinceDeath":20001,"stat.useItem.minecraft.spider_eye":1,"stat.craftItem.minecraft.wooden_pickaxe":1,"stat.pickup.minecraft.mutton":7,"stat.craftItem.minecraft.bed":1,"stat.useItem.minecraft.potato":3,"stat.pickup.rustic.wildberries":4,"stat.furnaceInteraction":51,"stat.mineBlock.minecraft.coal_ore":105,"stat.pickup.minecraft.shield":1,"stat.drop.minecraft.baked_potato":7,"stat.pickup.minecraft.string":4,"stat.pickup.minecraft.beef":11,"stat.pickup.minecraft.furnace":1,"stat.pickup.tombstone.crafting_ingredient":1,"stat.entityKilledBy.Skeleton":3,"stat.craftItem.minecraft.stone_slab2":0,"stat.useItem.zawa.cooked_frog_leg":6,"stat.pickup.zawa.reptile_meat_raw":4,"stat.sprintOneCm":264431,"stat.useItem.rustic.wildberries":4,"stat.craftItem.minecraft.stick":12,"stat.pickup.tombstone.magic_scroll":1,"stat.pickup.byg.crate":9,"stat.mineBlock.rustic.wildberry_bush":4,"stat.useItem.minecraft.flint_and_steel":1,"stat.deaths":6,"stat.mineBlock.minecraft.planks":1,"stat.drop":40,"stat.playOneMinute":186675,"stat.killEntity.Sheep":4,"stat.pickup.minecraft.slime_ball":19,"stat.killEntity.Zombie":8,"stat.pickup.zawa.care_guide":1,"stat.drop.minecraft.bread":9,"stat.mineBlock.minecraft.tallgrass":29,"stat.diveOneCm":29515,"stat.useItem.byg.crate":8,"stat.chestOpened":7,"stat.useItem.zawa.rat_raw":2,"stat.mineBlock.byg.oakleavesred":2,"stat.pickup.rustic.wildberry_bush":5,"stat.pickup.minecraft.gravel":12,"stat.pickup.minecraft.arrow":2,"stat.useItem.minecraft.apple":5,"stat.mineBlock.rustic.slate":1,"stat.useItem.minecraft.rotten_flesh":10,"stat.jump":2070,"stat.useItem.minecraft.sand":1,"stat.pickup.minecraft.coal":105,"stat.fallOneCm":39662,"stat.craftItem.minecraft.birch_boat":2,"stat.useItem.minecraft.stone_axe":95,"stat.crouchOneCm":33380,"stat.pickup.minecraft.spider_eye":2,"stat.craftItem.minecraft.torch":40,"stat.craftItem.minecraft.chest":2,"stat.pickup.minecraft.dirt":30,"stat.useItem.zawa.reptile_meat_cooked":1,"stat.drop.minecraft.bed":1,"stat.craftingTableInteraction":40,"stat.pickup.minecraft.iron_ore":8,"stat.boatOneCm":548437,"stat.mineBlock.byg.crate":9,"stat.pickup.rustic.tomato_seeds":1,"stat.pickup.rustic.wind_thistle":3,"stat.damageTaken":3201,"stat.pickup.minecraft.leather":3,"stat.mineBlock.minecraft.torch":3,"stat.mineBlock.minecraft.furnace":1,"stat.useItem.minecraft.wooden_pickaxe":59,"stat.pickup.minecraft.birch_boat":1,"stat.pickup.zawa.raw_frog_leg":12,"stat.mineBlock.minecraft.sapling":1,"stat.pickup.minecraft.planks":23,"stat.pickup.minecraft.iron_leggings":1,"stat.pickup.minecraft.bed":3,"tombstone:undead_killed":12,"stat.pickup.minecraft.wheat_seeds":1,"stat.pickup.minecraft.potato":17,"stat.entityKilledBy.Zombie":2,"stat.mineBlock.minecraft.gravel":13,"stat.useItem.minecraft.stone_pickaxe":200,"stat.useItem.minecraft.stone_sword":99,"stat.damageDealt":4741,"stat.pickup.byg.greenapple":1,"stat.sleepInBed":5,"stat.craftItem.minecraft.baked_potato":12,"stat.killEntity.Cow":4,"stat.mineBlock.minecraft.dirt":19,"stat.pickup.zawa.rat_raw":2,"stat.drop.minecraft.stick":1,"stat.pickup.minecraft.boat":4,"stat.pickup.minecraft.flint_and_steel":2,"stat.walkOneCm":465696,"stat.useItem.minecraft.torch":39,"stat.pickup.rustic.bee":1,"stat.useItem.minecraft.bread":7,"stat.useItem.minecraft.chest":1,"stat.mineBlock.byg.greatoaklog":22,"stat.drop.minecraft.rotten_flesh":22,"stat.pickup.minecraft.crafting_table":1,"stat.useItem.minecraft.cobblestone":1,"stat.craftItem.minecraft.crafting_table":2,"stat.pickup.byg.chainplating":2,"stat.mineBlock.minecraft.double_plant":8,"stat.craftItem.minecraft.boat":2,"stat.mineBlock.zawa.bamboo":1,"stat.pickup.minecraft.log":74,"stat.mineBlock.byg.birchleavesyellow":1,"stat.useItem.tombstone.gift":1,"stat.craftItem.byg.greatoakplanks":132,"stat.pickup.zawa.bamboo":1,"stat.useItem.minecraft.spruce_stairs":16,"stat.pickup.minecraft.stone":9,"stat.pickup.minecraft.sapling":11,"stat.mineBlock.byg.prairie_grass6":1,"stat.pickup.minecraft.apple":1,"stat.killEntity.Skeleton":4,"stat.mineBlock.byg.oakleavesorange":14,"stat.craftItem.minecraft.planks":84,"stat.killEntity.Spider":3,"stat.pickup.minecraft.bread":16,"stat.craftItem.zawa.cooked_frog_leg":6,"stat.pickup.byg.greatoaklog":31,"stat.mobKills":43,"stat.pickup.minecraft.book":15,"stat.mineBlock.minecraft.log":72,"stat.mineBlock.minecraft.bookshelf":5,"stat.useItem.minecraft.boat":4,"stat.mineBlock.minecraft.leaves":26,"stat.pickup.minecraft.torch":3,"stat.pickup.minecraft.spruce_stairs":4,"stat.pickup.byg.redoaksapling":1,"stat.sneakTime":11950,"stat.pickup.minecraft.wool":3,"stat.pickup.rustic.chili_pepper_seeds":7,"stat.craftItem.minecraft.spruce_stairs":16,"stat.useItem.minecraft.baked_potato":5,"stat.pickup.minecraft.yellow_flower":2,"stat.mineBlock.rustic.wind_thistle":1,"stat.mineBlock.minecraft.stone":135}