{"stat.chestOpened":1,"stat.pickup.minecraft.boat":2,"stat.pickup.minecraft.flint_and_steel":1,"stat.walkOneCm":69773,"stat.pickup.rustic.wildberry_bush":2,"stat.useItem.minecraft.torch":5,"stat.pickup.minecraft.bone":1,"stat.mineBlock.byg.greatoaklog":22,"stat.pickup.rustic.wildberries":1,"stat.craftItem.minecraft.crafting_table":2,"stat.mineBlock.minecraft.yellow_flower":1,"stat.pickup.byg.chainplating":2,"stat.useItem.minecraft.apple":5,"stat.mineBlock.minecraft.coal_ore":46,"stat.craftItem.minecraft.boat":1,"stat.mineBlock.minecraft.sandstone":3,"stat.mineBlock.zawa.bamboo":1,"stat.pickup.minecraft.log":21,"stat.useItem.minecraft.rotten_flesh":8,"stat.useItem.minecraft.mutton":3,"stat.swimOneCm":4414,"stat.jump":431,"stat.useItem.minecraft.sand":1,"stat.pickup.minecraft.coal":46,"stat.fallOneCm":10370,"stat.craftItem.minecraft.birch_boat":2,"stat.useItem.tombstone.gift":1,"stat.entityKilledBy.Skeleton":3,"stat.pickup.zawa.bamboo":1,"stat.useItem.minecraft.stone_axe":53,"stat.crouchOneCm":11613,"stat.craftItem.minecraft.torch":4,"stat.pickup.minecraft.sapling":8,"stat.sprintOneCm":47874,"stat.useItem.minecraft.stone_slab2":6,"stat.mineBlock.byg.prairie_grass6":1,"stat.useItem.rustic.wildberries":1,"stat.pickup.minecraft.apple":1,"stat.craftItem.minecraft.stick":8,"stat.craftingTableInteraction":6,"stat.pickup.minecraft.rotten_flesh":20,"stat.pickup.minecraft.sand":13,"stat.killEntity.Skeleton":2,"stat.pickup.byg.crate":8,"stat.boatOneCm":314055,"stat.mineBlock.rustic.wildberry_bush":1,"stat.mineBlock.byg.crate":8,"stat.craftItem.minecraft.planks":84,"stat.pickup.rustic.tomato_seeds":1,"stat.craftItem.minecraft.stone_axe":1,"stat.useItem.minecraft.flint_and_steel":1,"stat.damageTaken":1170,"stat.useItem.minecraft.birch_boat":2,"stat.pickup.minecraft.bread":13,"stat.craftItem.minecraft.stone_pickaxe":1,"stat.mineBlock.minecraft.torch":3,"stat.useItem.minecraft.wooden_pickaxe":45,"stat.pickup.byg.greatoaklog":21,"stat.pickup.minecraft.birch_boat":1,"stat.pickup.minecraft.cobblestone":41,"stat.mobKills":7,"stat.pickup.minecraft.book":15,"stat.mineBlock.minecraft.log":21,"stat.mineBlock.minecraft.bookshelf":5,"stat.flyOneCm":70770,"stat.useItem.minecraft.boat":2,"stat.pickup.minecraft.bed":1,"stat.pickup.minecraft.sandstone":3,"stat.deaths":3,"tombstone:undead_killed":2,"stat.drop":1,"stat.pickup.minecraft.wheat_seeds":1,"stat.mineBlock.minecraft.leaves":13,"stat.mineBlock.minecraft.sand":13,"stat.pickup.minecraft.potato":17,"stat.playOneMinute":34051,"stat.pickup.minecraft.torch":3,"stat.killEntity.Sheep":4,"stat.useItem.minecraft.stone_pickaxe":43,"stat.sneakTime":5170,"stat.pickup.minecraft.wool":3,"stat.damageDealt":789,"stat.pickup.byg.greenapple":1,"stat.pickup.zawa.care_guide":1,"stat.timeSinceDeath":14946,"stat.pickup.minecraft.yellow_flower":1,"stat.craftItem.minecraft.wooden_pickaxe":1,"stat.mineBlock.minecraft.stone":38,"stat.mineBlock.minecraft.tallgrass":10,"stat.diveOneCm":21922,"stat.pickup.minecraft.mutton":7,"stat.drop.minecraft.stick":1}