{"stat.pickup.minecraft.bone":15,"stat.leaveGame":5,"stat.mineBlock.minecraft.cobblestone":8,"stat.pickup.minecraft.stone_pickaxe":1,"stat.pickup.minecraft.flint":2,"stat.mineBlock.rustic.leaves":2,"stat.swimOneCm":7239,"stat.pickup.zawa.worm":3,"stat.craftItem.minecraft.shield":1,"stat.useItem.byg.blueberry":3,"stat.useItem.minecraft.dirt":69,"stat.useItem.minecraft.stone_slab2":18,"stat.pickup.minecraft.rotten_flesh":10,"stat.pickup.minecraft.sand":2,"stat.craftItem.minecraft.stone_axe":1,"stat.craftItem.minecraft.iron_boots":2,"stat.craftItem.minecraft.stone_pickaxe":3,"stat.craftItem.minecraft.cooked_beef":1,"stat.pickup.minecraft.cobblestone":636,"stat.flyOneCm":235073,"stat.mineBlock.minecraft.sand":1,"stat.mineBlock.byg.scoria":30,"stat.useItem.minecraft.cooked_beef":3,"stat.pickup.minecraft.redstone":164,"stat.mineBlock.minecraft.iron_ore":104,"stat.pickup.byg.blueberry":6,"stat.timeSinceDeath":17236,"stat.useItem.minecraft.iron_pickaxe":161,"stat.craftItem.minecraft.wooden_pickaxe":1,"stat.pickup.minecraft.mutton":20,"stat.drop.rustic.chili_pepper_seeds":1,"stat.drop.minecraft.cooked_mutton":1,"stat.furnaceInteraction":21,"stat.mineBlock.minecraft.coal_ore":50,"stat.pickup.minecraft.beef":6,"stat.useItem.minecraft.cooked_mutton":19,"stat.pickup.zawa.large_meat_raw":2,"stat.pickup.tombstone.crafting_ingredient":17,"stat.craftItem.minecraft.stone_slab2":0,"stat.sprintOneCm":294205,"stat.useItem.minecraft.stone_stairs":130,"stat.craftItem.minecraft.stick":24,"stat.pickup.tombstone.magic_scroll":1,"stat.useItem.carryon.tile_item":2,"stat.craftItem.zawa.hunting_rifle":1,"stat.pickup.minecraft.stone_stairs":17,"stat.mineBlock.minecraft.diamond_ore":16,"stat.mineBlock.minecraft.crafting_table":1,"stat.deaths":5,"stat.drop":6,"stat.pickup.zawa.fur":1,"stat.pickup.minecraft.egg":11,"stat.playOneMinute":136779,"stat.killEntity.Sheep":13,"stat.craftItem.minecraft.iron_pickaxe":2,"stat.pickup.minecraft.slime_ball":5,"stat.killEntity.Zombie":12,"stat.pickup.zawa.care_guide":2,"stat.mineBlock.minecraft.gold_ore":7,"stat.mineBlock.minecraft.tallgrass":41,"stat.craftItem.minecraft.cooked_mutton":3,"stat.diveOneCm":37895,"stat.pickup.minecraft.cooked_mutton":18,"stat.chestOpened":41,"stat.pickup.minecraft.gravel":8,"stat.pickup.minecraft.arrow":16,"stat.pickup.rustic.chamomile":3,"stat.useItem.minecraft.rotten_flesh":1,"stat.pickup.byg.soapstone":15,"stat.jump":1919,"stat.pickup.minecraft.coal":211,"stat.fallOneCm":37942,"stat.pickup.minecraft.iron_ingot":86,"stat.craftItem.minecraft.lever":1,"stat.useItem.minecraft.stone_axe":82,"stat.pickup.minecraft.gunpowder":3,"stat.crouchOneCm":19363,"stat.craftItem.minecraft.torch":24,"stat.craftItem.minecraft.iron_ingot":101,"stat.pickup.byg.scoria":30,"stat.pickup.minecraft.dirt":141,"stat.craftItem.minecraft.iron_helmet":2,"stat.craftingTableInteraction":29,"stat.pickup.minecraft.iron_ore":102,"stat.pickup.rustic.horsetail":1,"stat.useItem.minecraft.sapling":3,"stat.pickup.minecraft.gold_ore":14,"stat.mineBlock.minecraft.lapis_ore":4,"stat.pickup.rustic.wind_thistle":1,"stat.pickup.rustic.tomato_seeds":4,"stat.drop.zawa.worm":1,"stat.mineBlock.minecraft.stone_stairs":15,"stat.damageTaken":2582,"stat.pickup.minecraft.leather":6,"stat.pickup.minecraft.feather":7,"stat.mineBlock.byg.blueberrybush":5,"stat.drop.minecraft.bone":2,"stat.mineBlock.minecraft.torch":5,"stat.useItem.minecraft.wooden_pickaxe":52,"stat.pickup.zawa.raw_frog_leg":3,"stat.pickup.minecraft.log2":3,"stat.pickup.minecraft.dye":48,"stat.pickup.minecraft.reeds":7,"stat.pickup.minecraft.bed":5,"tombstone:undead_killed":20,"stat.pickup.minecraft.wheat_seeds":3,"stat.entityKilledBy.Zombie":1,"stat.mineBlock.minecraft.gravel":7,"stat.useItem.minecraft.stone_pickaxe":394,"stat.craftItem.minecraft.iron_leggings":1,"stat.damageDealt":6398,"stat.pickup.zawa.bush_meat_raw":1,"stat.sleepInBed":6,"stat.mineBlock.minecraft.dirt":29,"stat.craftItem.minecraft.iron_sword":1,"stat.walkOneCm":367115,"stat.useItem.minecraft.torch":25,"stat.pickup.minecraft.stick":4,"stat.craftItem.minecraft.stone_stairs":116,"stat.pickup.minecraft.crafting_table":1,"stat.useItem.minecraft.cobblestone":34,"stat.craftItem.minecraft.crafting_table":1,"stat.useItem.minecraft.gravel":2,"stat.mineBlock.minecraft.double_plant":2,"stat.pickup.minecraft.log":36,"stat.useItem.tombstone.gift":2,"stat.pickup.minecraft.stone":135,"stat.craftItem.minecraft.iron_chestplate":1,"stat.pickup.minecraft.chicken":6,"stat.pickup.minecraft.sapling":6,"stat.pickup.minecraft.cooked_beef":5,"stat.mineBlock.byg.brownbirchleaves":3,"stat.killEntity.Skeleton":8,"stat.craftItem.minecraft.planks":80,"stat.mineBlock.byg.soapstone":8,"stat.useItem.minecraft.iron_sword":65,"stat.killEntity.Chicken":2,"stat.killEntity.Spider":1,"stat.mobKills":46,"stat.mineBlock.minecraft.log":19,"stat.useItem.carryon.entity_item":2,"stat.pickup.minecraft.diamond":32,"stat.mineBlock.minecraft.leaves":10,"stat.pickup.minecraft.torch":5,"stat.mineBlock.minecraft.redstone_ore":18,"stat.sneakTime":8007,"stat.pickup.minecraft.wool":33,"stat.pickup.rustic.chili_pepper_seeds":3,"stat.drop.zawa.care_guide":1,"stat.mineBlock.minecraft.stone":341,"stat.pickup.minecraft.chest":1}