{"stat.pickup.minecraft.bone":9,"stat.leaveGame":4,"stat.mineBlock.minecraft.cobblestone":8,"stat.pickup.minecraft.stone_pickaxe":1,"stat.pickup.minecraft.flint":1,"stat.mineBlock.rustic.leaves":2,"stat.swimOneCm":6928,"stat.pickup.zawa.worm":2,"stat.craftItem.minecraft.shield":1,"stat.useItem.byg.blueberry":3,"stat.useItem.minecraft.dirt":45,"stat.useItem.minecraft.stone_slab2":16,"stat.pickup.minecraft.rotten_flesh":9,"stat.pickup.minecraft.sand":1,"stat.craftItem.minecraft.stone_axe":1,"stat.craftItem.minecraft.iron_boots":2,"stat.craftItem.minecraft.stone_pickaxe":3,"stat.pickup.minecraft.cobblestone":301,"stat.flyOneCm":202585,"stat.mineBlock.minecraft.sand":1,"stat.mineBlock.byg.scoria":30,"stat.pickup.minecraft.redstone":82,"stat.mineBlock.minecraft.iron_ore":104,"stat.pickup.byg.blueberry":4,"stat.timeSinceDeath":1478,"stat.useItem.minecraft.iron_pickaxe":161,"stat.craftItem.minecraft.wooden_pickaxe":1,"stat.pickup.minecraft.mutton":18,"stat.drop.rustic.chili_pepper_seeds":1,"stat.drop.minecraft.cooked_mutton":1,"stat.furnaceInteraction":18,"stat.mineBlock.minecraft.coal_ore":50,"stat.useItem.minecraft.cooked_mutton":19,"stat.pickup.zawa.large_meat_raw":2,"stat.pickup.tombstone.crafting_ingredient":8,"stat.craftItem.minecraft.stone_slab2":0,"stat.sprintOneCm":257918,"stat.useItem.minecraft.stone_stairs":130,"stat.craftItem.minecraft.stick":24,"stat.pickup.tombstone.magic_scroll":1,"stat.useItem.carryon.tile_item":2,"stat.pickup.minecraft.stone_stairs":16,"stat.mineBlock.minecraft.diamond_ore":16,"stat.mineBlock.minecraft.crafting_table":1,"stat.deaths":5,"stat.drop":6,"stat.pickup.zawa.fur":1,"stat.pickup.minecraft.egg":8,"stat.playOneMinute":121021,"stat.killEntity.Sheep":13,"stat.craftItem.minecraft.iron_pickaxe":2,"stat.pickup.minecraft.slime_ball":5,"stat.killEntity.Zombie":12,"stat.pickup.zawa.care_guide":1,"stat.mineBlock.minecraft.gold_ore":7,"stat.mineBlock.minecraft.tallgrass":41,"stat.craftItem.minecraft.cooked_mutton":3,"stat.diveOneCm":37895,"stat.pickup.minecraft.cooked_mutton":17,"stat.chestOpened":22,"stat.pickup.minecraft.gravel":3,"stat.pickup.minecraft.arrow":7,"stat.pickup.rustic.chamomile":3,"stat.useItem.minecraft.rotten_flesh":1,"stat.pickup.byg.soapstone":8,"stat.jump":1737,"stat.pickup.minecraft.coal":96,"stat.fallOneCm":34593,"stat.useItem.minecraft.stone_axe":82,"stat.pickup.minecraft.gunpowder":1,"stat.crouchOneCm":18589,"stat.craftItem.minecraft.torch":24,"stat.craftItem.minecraft.iron_ingot":101,"stat.pickup.byg.scoria":30,"stat.pickup.minecraft.dirt":68,"stat.craftItem.minecraft.iron_helmet":2,"stat.craftingTableInteraction":19,"stat.pickup.minecraft.iron_ore":102,"stat.useItem.minecraft.sapling":3,"stat.pickup.minecraft.gold_ore":7,"stat.mineBlock.minecraft.lapis_ore":4,"stat.pickup.rustic.wind_thistle":1,"stat.pickup.rustic.tomato_seeds":4,"stat.drop.zawa.worm":1,"stat.mineBlock.minecraft.stone_stairs":15,"stat.damageTaken":2429,"stat.pickup.minecraft.leather":2,"stat.mineBlock.byg.blueberrybush":4,"stat.drop.minecraft.bone":2,"stat.mineBlock.minecraft.torch":5,"stat.useItem.minecraft.wooden_pickaxe":52,"stat.pickup.zawa.raw_frog_leg":3,"stat.pickup.minecraft.dye":24,"stat.pickup.minecraft.reeds":7,"stat.pickup.minecraft.bed":4,"tombstone:undead_killed":19,"stat.pickup.minecraft.wheat_seeds":2,"stat.entityKilledBy.Zombie":1,"stat.mineBlock.minecraft.gravel":4,"stat.useItem.minecraft.stone_pickaxe":394,"stat.craftItem.minecraft.iron_leggings":1,"stat.damageDealt":5847,"stat.pickup.zawa.bush_meat_raw":1,"stat.sleepInBed":6,"stat.mineBlock.minecraft.dirt":29,"stat.craftItem.minecraft.iron_sword":1,"stat.walkOneCm":333313,"stat.useItem.minecraft.torch":25,"stat.pickup.minecraft.stick":4,"stat.craftItem.minecraft.stone_stairs":116,"stat.pickup.minecraft.crafting_table":1,"stat.useItem.minecraft.cobblestone":34,"stat.craftItem.minecraft.crafting_table":1,"stat.mineBlock.minecraft.double_plant":2,"stat.pickup.minecraft.log":20,"stat.useItem.tombstone.gift":2,"stat.pickup.minecraft.stone":59,"stat.craftItem.minecraft.iron_chestplate":1,"stat.pickup.minecraft.sapling":5,"stat.mineBlock.byg.brownbirchleaves":3,"stat.killEntity.Skeleton":7,"stat.craftItem.minecraft.planks":80,"stat.mineBlock.byg.soapstone":8,"stat.useItem.minecraft.iron_sword":49,"stat.killEntity.Spider":1,"stat.mobKills":42,"stat.mineBlock.minecraft.log":19,"stat.useItem.carryon.entity_item":2,"stat.pickup.minecraft.diamond":16,"stat.mineBlock.minecraft.leaves":10,"stat.pickup.minecraft.torch":4,"stat.mineBlock.minecraft.redstone_ore":18,"stat.sneakTime":7507,"stat.pickup.minecraft.wool":14,"stat.pickup.rustic.chili_pepper_seeds":2,"stat.drop.zawa.care_guide":1,"stat.mineBlock.minecraft.stone":341}