{"stat.pickup.minecraft.bone":5,"stat.useItem.minecraft.iron_axe":58,"stat.leaveGame":6,"stat.mineBlock.minecraft.yellow_flower":1,"stat.useItem.byg.greenapple":1,"stat.craftItem.minecraft.wool":1,"stat.mineBlock.minecraft.sandstone":3,"stat.useItem.minecraft.mutton":7,"stat.swimOneCm":13799,"stat.pickup.zawa.worm":5,"stat.mineBlock.minecraft.spruce_stairs":4,"stat.useItem.minecraft.dirt":3,"stat.useItem.minecraft.stone_slab2":18,"stat.pickup.minecraft.rotten_flesh":23,"stat.pickup.minecraft.sand":26,"stat.craftItem.minecraft.furnace":1,"stat.useItem.zawa.raw_frog_leg":2,"stat.craftItem.minecraft.stone_axe":1,"stat.mineBlock.byg.oakleavesdrygreen":2,"stat.useItem.minecraft.birch_boat":2,"stat.craftItem.minecraft.stone_pickaxe":1,"stat.craftItem.minecraft.cooked_beef":11,"stat.pickup.minecraft.cobblestone":93,"stat.craftItem.minecraft.stone_sword":1,"stat.flyOneCm":161061,"stat.pickup.minecraft.sandstone":3,"stat.mineBlock.minecraft.sand":26,"stat.useItem.minecraft.cooked_beef":6,"stat.timeSinceDeath":111756,"stat.craftItem.minecraft.wooden_pickaxe":1,"stat.pickup.minecraft.mutton":7,"stat.craftItem.minecraft.bed":1,"stat.useItem.minecraft.potato":2,"stat.pickup.rustic.wildberries":4,"stat.furnaceInteraction":21,"stat.mineBlock.minecraft.coal_ore":92,"stat.drop.minecraft.baked_potato":7,"stat.pickup.minecraft.string":4,"stat.pickup.minecraft.beef":11,"stat.pickup.minecraft.furnace":1,"stat.entityKilledBy.Skeleton":3,"stat.craftItem.minecraft.stone_slab2":0,"stat.sprintOneCm":153264,"stat.useItem.rustic.wildberries":4,"stat.craftItem.minecraft.stick":8,"stat.pickup.tombstone.magic_scroll":1,"stat.pickup.byg.crate":9,"stat.mineBlock.rustic.wildberry_bush":4,"stat.useItem.minecraft.flint_and_steel":1,"stat.deaths":3,"stat.mineBlock.minecraft.planks":1,"stat.drop":38,"stat.playOneMinute":130861,"stat.killEntity.Sheep":4,"stat.pickup.minecraft.slime_ball":14,"stat.killEntity.Zombie":3,"stat.pickup.zawa.care_guide":1,"stat.drop.minecraft.bread":9,"stat.mineBlock.minecraft.tallgrass":12,"stat.diveOneCm":29243,"stat.useItem.byg.crate":1,"stat.chestOpened":5,"stat.useItem.zawa.rat_raw":2,"stat.mineBlock.byg.oakleavesred":2,"stat.pickup.rustic.wildberry_bush":5,"stat.pickup.minecraft.arrow":2,"stat.useItem.minecraft.apple":5,"stat.useItem.minecraft.rotten_flesh":9,"stat.jump":1264,"stat.useItem.minecraft.sand":1,"stat.pickup.minecraft.coal":92,"stat.fallOneCm":23982,"stat.craftItem.minecraft.birch_boat":2,"stat.useItem.minecraft.stone_axe":95,"stat.crouchOneCm":22808,"stat.pickup.minecraft.spider_eye":2,"stat.craftItem.minecraft.torch":8,"stat.craftItem.minecraft.chest":2,"stat.pickup.minecraft.dirt":4,"stat.drop.minecraft.bed":1,"stat.craftingTableInteraction":38,"stat.boatOneCm":548437,"stat.mineBlock.byg.crate":9,"stat.pickup.rustic.tomato_seeds":1,"stat.pickup.rustic.wind_thistle":3,"stat.damageTaken":2187,"stat.pickup.minecraft.leather":3,"stat.mineBlock.minecraft.torch":3,"stat.mineBlock.minecraft.furnace":1,"stat.useItem.minecraft.wooden_pickaxe":59,"stat.pickup.minecraft.birch_boat":1,"stat.pickup.zawa.raw_frog_leg":9,"stat.mineBlock.minecraft.sapling":1,"stat.pickup.minecraft.planks":1,"stat.pickup.minecraft.bed":3,"tombstone:undead_killed":7,"stat.pickup.minecraft.wheat_seeds":1,"stat.pickup.minecraft.potato":17,"stat.useItem.minecraft.stone_pickaxe":88,"stat.useItem.minecraft.stone_sword":31,"stat.damageDealt":2981,"stat.pickup.byg.greenapple":1,"stat.sleepInBed":2,"stat.craftItem.minecraft.baked_potato":12,"stat.killEntity.Cow":4,"stat.mineBlock.minecraft.dirt":3,"stat.pickup.zawa.rat_raw":2,"stat.drop.minecraft.stick":1,"stat.pickup.minecraft.boat":4,"stat.pickup.minecraft.flint_and_steel":2,"stat.walkOneCm":262744,"stat.useItem.minecraft.torch":7,"stat.pickup.rustic.bee":1,"stat.useItem.minecraft.bread":7,"stat.useItem.minecraft.chest":1,"stat.mineBlock.byg.greatoaklog":22,"stat.drop.minecraft.rotten_flesh":20,"stat.pickup.minecraft.crafting_table":1,"stat.useItem.minecraft.cobblestone":1,"stat.craftItem.minecraft.crafting_table":2,"stat.pickup.byg.chainplating":2,"stat.craftItem.minecraft.boat":2,"stat.mineBlock.zawa.bamboo":1,"stat.pickup.minecraft.log":74,"stat.mineBlock.byg.birchleavesyellow":1,"stat.useItem.tombstone.gift":1,"stat.craftItem.byg.greatoakplanks":132,"stat.pickup.zawa.bamboo":1,"stat.useItem.minecraft.spruce_stairs":16,"stat.pickup.minecraft.sapling":11,"stat.mineBlock.byg.prairie_grass6":1,"stat.pickup.minecraft.apple":1,"stat.killEntity.Skeleton":4,"stat.mineBlock.byg.oakleavesorange":12,"stat.craftItem.minecraft.planks":84,"stat.killEntity.Spider":2,"stat.pickup.minecraft.bread":16,"stat.pickup.byg.greatoaklog":31,"stat.mobKills":27,"stat.pickup.minecraft.book":15,"stat.mineBlock.minecraft.log":72,"stat.mineBlock.minecraft.bookshelf":5,"stat.useItem.minecraft.boat":4,"stat.mineBlock.minecraft.leaves":23,"stat.pickup.minecraft.torch":3,"stat.pickup.minecraft.spruce_stairs":4,"stat.pickup.byg.redoaksapling":1,"stat.sneakTime":9156,"stat.pickup.minecraft.wool":3,"stat.craftItem.minecraft.spruce_stairs":16,"stat.useItem.minecraft.baked_potato":5,"stat.pickup.minecraft.yellow_flower":1,"stat.mineBlock.rustic.wind_thistle":1,"stat.mineBlock.minecraft.stone":51}