{"stat.chestOpened":1,"stat.pickup.rustic.wildberry_bush":5,"stat.pickup.minecraft.bone":1,"stat.mineBlock.minecraft.yellow_flower":1,"stat.useItem.minecraft.apple":5,"stat.mineBlock.minecraft.sandstone":3,"stat.useItem.minecraft.rotten_flesh":9,"stat.useItem.minecraft.mutton":3,"stat.swimOneCm":4533,"stat.jump":609,"stat.useItem.minecraft.sand":1,"stat.pickup.minecraft.coal":92,"stat.fallOneCm":14963,"stat.craftItem.minecraft.birch_boat":2,"stat.useItem.minecraft.stone_axe":95,"stat.crouchOneCm":16702,"stat.craftItem.minecraft.torch":4,"stat.pickup.minecraft.dirt":1,"stat.useItem.minecraft.stone_slab2":8,"stat.craftingTableInteraction":6,"stat.pickup.minecraft.rotten_flesh":20,"stat.pickup.minecraft.sand":13,"stat.boatOneCm":469274,"stat.mineBlock.byg.crate":8,"stat.pickup.rustic.tomato_seeds":1,"stat.craftItem.minecraft.stone_axe":1,"stat.damageTaken":1228,"stat.pickup.minecraft.leather":3,"stat.useItem.minecraft.birch_boat":2,"stat.craftItem.minecraft.stone_pickaxe":1,"stat.mineBlock.minecraft.torch":3,"stat.useItem.minecraft.wooden_pickaxe":59,"stat.pickup.minecraft.birch_boat":1,"stat.pickup.minecraft.cobblestone":54,"stat.flyOneCm":96518,"stat.pickup.minecraft.bed":2,"stat.pickup.minecraft.sandstone":3,"tombstone:undead_killed":2,"stat.pickup.minecraft.wheat_seeds":1,"stat.mineBlock.minecraft.sand":13,"stat.pickup.minecraft.potato":17,"stat.useItem.minecraft.stone_pickaxe":87,"stat.damageDealt":1198,"stat.pickup.byg.greenapple":1,"stat.sleepInBed":1,"stat.timeSinceDeath":39246,"stat.killEntity.Cow":4,"stat.craftItem.minecraft.wooden_pickaxe":1,"stat.pickup.minecraft.mutton":7,"stat.drop.minecraft.stick":1,"stat.pickup.minecraft.boat":2,"stat.pickup.minecraft.flint_and_steel":1,"stat.walkOneCm":83894,"stat.useItem.minecraft.torch":5,"stat.mineBlock.byg.greatoaklog":22,"stat.pickup.rustic.wildberries":4,"stat.useItem.minecraft.cobblestone":1,"stat.craftItem.minecraft.crafting_table":2,"stat.pickup.byg.chainplating":2,"stat.mineBlock.minecraft.coal_ore":92,"stat.craftItem.minecraft.boat":1,"stat.mineBlock.zawa.bamboo":1,"stat.pickup.minecraft.log":51,"stat.pickup.minecraft.beef":11,"stat.useItem.tombstone.gift":1,"stat.entityKilledBy.Skeleton":3,"stat.pickup.zawa.bamboo":1,"stat.pickup.minecraft.sapling":9,"stat.sprintOneCm":64148,"stat.mineBlock.byg.prairie_grass6":1,"stat.useItem.rustic.wildberries":4,"stat.pickup.minecraft.apple":1,"stat.craftItem.minecraft.stick":8,"stat.killEntity.Skeleton":2,"stat.pickup.byg.crate":8,"stat.mineBlock.rustic.wildberry_bush":4,"stat.craftItem.minecraft.planks":84,"stat.useItem.minecraft.flint_and_steel":1,"stat.pickup.minecraft.bread":13,"stat.pickup.byg.greatoaklog":21,"stat.mobKills":11,"stat.pickup.minecraft.book":15,"stat.mineBlock.minecraft.log":51,"stat.mineBlock.minecraft.bookshelf":5,"stat.useItem.minecraft.boat":3,"stat.deaths":3,"stat.drop":1,"stat.mineBlock.minecraft.leaves":17,"stat.playOneMinute":58351,"stat.pickup.minecraft.torch":3,"stat.killEntity.Sheep":4,"stat.sneakTime":7684,"stat.pickup.minecraft.wool":3,"stat.pickup.zawa.care_guide":1,"stat.pickup.minecraft.yellow_flower":1,"stat.mineBlock.minecraft.stone":51,"stat.mineBlock.minecraft.tallgrass":10,"stat.diveOneCm":23579}