{"stat.chestOpened":1,"stat.walkOneCm":81471,"stat.leaveGame":3,"stat.craftItem.minecraft.stone_stairs":116,"stat.pickup.minecraft.crafting_table":1,"stat.mineBlock.minecraft.cobblestone":1,"stat.useItem.minecraft.cobblestone":21,"stat.craftItem.minecraft.crafting_table":1,"stat.furnaceInteraction":11,"stat.mineBlock.rustic.leaves":2,"stat.pickup.minecraft.log":14,"stat.swimOneCm":4167,"stat.jump":587,"stat.pickup.zawa.worm":2,"stat.pickup.minecraft.coal":1,"stat.fallOneCm":9582,"stat.useItem.tombstone.gift":1,"stat.useItem.minecraft.cooked_mutton":3,"stat.useItem.minecraft.stone_axe":24,"stat.craftItem.minecraft.stone_slab2":0,"stat.pickup.minecraft.stone":19,"stat.useItem.byg.blueberry":1,"stat.crouchOneCm":7240,"stat.pickup.minecraft.sapling":5,"stat.pickup.minecraft.dirt":13,"stat.sprintOneCm":51134,"stat.useItem.minecraft.stone_slab2":5,"stat.useItem.minecraft.stone_stairs":36,"stat.craftItem.minecraft.stick":8,"stat.craftingTableInteraction":8,"stat.pickup.minecraft.iron_ore":12,"stat.pickup.minecraft.sand":1,"stat.useItem.minecraft.sapling":3,"stat.useItem.carryon.tile_item":2,"stat.craftItem.minecraft.planks":20,"stat.pickup.rustic.wind_thistle":1,"stat.pickup.minecraft.stone_stairs":1,"stat.craftItem.minecraft.stone_axe":1,"stat.drop.zawa.worm":1,"stat.mineBlock.minecraft.stone_stairs":1,"stat.damageTaken":1027,"stat.mineBlock.minecraft.crafting_table":1,"stat.mineBlock.byg.blueberrybush":1,"stat.craftItem.minecraft.stone_pickaxe":1,"stat.mineBlock.minecraft.torch":1,"stat.useItem.minecraft.wooden_pickaxe":41,"stat.pickup.minecraft.cobblestone":122,"stat.mobKills":13,"stat.mineBlock.minecraft.log":14,"stat.useItem.carryon.entity_item":1,"stat.flyOneCm":42708,"stat.pickup.minecraft.bed":2,"stat.deaths":3,"stat.pickup.minecraft.wheat_seeds":1,"stat.drop":2,"stat.mineBlock.minecraft.sand":1,"stat.mineBlock.minecraft.leaves":9,"stat.playOneMinute":36423,"stat.killEntity.Sheep":12,"stat.useItem.minecraft.stone_pickaxe":112,"stat.sneakTime":2687,"stat.pickup.minecraft.wool":12,"stat.damageDealt":1202,"stat.mineBlock.minecraft.iron_ore":14,"stat.sleepInBed":2,"stat.pickup.byg.blueberry":2,"stat.timeSinceDeath":32709,"stat.pickup.zawa.care_guide":1,"stat.mineBlock.minecraft.dirt":15,"stat.drop.zawa.care_guide":1,"stat.craftItem.minecraft.wooden_pickaxe":1,"stat.mineBlock.minecraft.stone":135,"stat.mineBlock.minecraft.tallgrass":9,"stat.craftItem.minecraft.cooked_mutton":3,"stat.diveOneCm":37009,"stat.pickup.minecraft.mutton":16,"stat.pickup.minecraft.cooked_mutton":16}