{"stat.walkOneCm":52207,"stat.leaveGame":3,"stat.pickup.minecraft.crafting_table":1,"stat.mineBlock.minecraft.cobblestone":1,"stat.useItem.minecraft.cobblestone":4,"stat.craftItem.minecraft.crafting_table":1,"stat.furnaceInteraction":9,"stat.mineBlock.rustic.leaves":2,"stat.pickup.minecraft.log":14,"stat.swimOneCm":4167,"stat.jump":503,"stat.fallOneCm":8895,"stat.useItem.tombstone.gift":1,"stat.useItem.minecraft.cooked_mutton":2,"stat.useItem.minecraft.stone_axe":20,"stat.craftItem.minecraft.stone_slab2":0,"stat.crouchOneCm":5592,"stat.pickup.minecraft.sapling":5,"stat.sprintOneCm":41176,"stat.useItem.minecraft.stone_slab2":4,"stat.craftItem.minecraft.stick":8,"stat.craftingTableInteraction":6,"stat.pickup.minecraft.sand":1,"stat.useItem.minecraft.sapling":3,"stat.useItem.carryon.tile_item":2,"stat.craftItem.minecraft.planks":20,"stat.pickup.rustic.wind_thistle":1,"stat.craftItem.minecraft.stone_axe":1,"stat.damageTaken":882,"stat.mineBlock.minecraft.crafting_table":1,"stat.mineBlock.byg.blueberrybush":1,"stat.craftItem.minecraft.stone_pickaxe":1,"stat.useItem.minecraft.wooden_pickaxe":30,"stat.pickup.minecraft.cobblestone":34,"stat.mobKills":12,"stat.mineBlock.minecraft.log":14,"stat.useItem.carryon.entity_item":1,"stat.flyOneCm":37964,"stat.pickup.minecraft.bed":2,"stat.deaths":3,"stat.pickup.minecraft.wheat_seeds":1,"stat.mineBlock.minecraft.sand":1,"stat.mineBlock.minecraft.leaves":8,"stat.playOneMinute":24723,"stat.killEntity.Sheep":12,"stat.useItem.minecraft.stone_pickaxe":1,"stat.sneakTime":1942,"stat.pickup.minecraft.wool":12,"stat.damageDealt":1013,"stat.sleepInBed":1,"stat.pickup.byg.blueberry":2,"stat.timeSinceDeath":21009,"stat.pickup.zawa.care_guide":1,"stat.mineBlock.minecraft.dirt":1,"stat.craftItem.minecraft.wooden_pickaxe":1,"stat.mineBlock.minecraft.stone":30,"stat.mineBlock.minecraft.tallgrass":9,"stat.craftItem.minecraft.cooked_mutton":3,"stat.diveOneCm":37009,"stat.pickup.minecraft.mutton":16}