{"stat.leaveGame":14,"stat.useItem.byg.greenapple":1,"stat.mineBlock.minecraft.sandstone":3,"stat.useItem.minecraft.mutton":7,"stat.pickup.zawa.worm":6,"stat.mineBlock.minecraft.web":6,"stat.pickup.minecraft.glass":12,"stat.mineBlock.minecraft.red_mushroom":10,"stat.pickup.minecraft.rotten_flesh":32,"stat.pickup.minecraft.sand":26,"stat.craftItem.minecraft.stone_axe":1,"stat.mineBlock.byg.oakleavesdrygreen":2,"stat.useItem.minecraft.birch_boat":2,"stat.craftItem.minecraft.stone_sword":2,"stat.useItem.minecraft.brown_mushroom":2,"stat.pickup.minecraft.brown_mushroom":32,"stat.mineBlock.minecraft.sand":26,"stat.craftItem.minecraft.cooked_fish":5,"stat.useItem.minecraft.spider_eye":1,"stat.craftItem.minecraft.wooden_pickaxe":1,"stat.craftItem.minecraft.bed":2,"stat.pickup.rustic.wildberries":4,"stat.furnaceInteraction":68,"stat.mineBlock.minecraft.rail":37,"stat.useItem.minecraft.pumpkin_seeds":8,"stat.pickup.minecraft.beef":11,"stat.pickup.minecraft.furnace":1,"stat.useItem.zawa.cooked_frog_leg":6,"stat.useItem.rustic.wildberries":4,"stat.pickup.tombstone.magic_scroll":1,"stat.pickup.byg.crate":9,"stat.useItem.minecraft.flint_and_steel":1,"stat.useItem.minecraft.wheat_seeds":1,"stat.pickup.minecraft.pumpkin_seeds":4,"stat.useItem.minecraft.dye":14,"stat.deaths":8,"stat.playOneMinute":294031,"stat.mineBlock.minecraft.brown_mushroom_block":50,"stat.pickup.zawa.care_guide":1,"stat.mineBlock.minecraft.tallgrass":44,"stat.fishCaught":28,"stat.chestOpened":21,"stat.pickup.minecraft.pumpkin":12,"stat.craftItem.minecraft.mushroom_stew":5,"stat.pickup.minecraft.arrow":3,"stat.useItem.byg.pumpkinmash":9,"stat.mineBlock.rustic.slate":4,"stat.fallOneCm":50712,"stat.crouchOneCm":50340,"stat.pickup.minecraft.rail":37,"stat.craftItem.minecraft.chest":2,"stat.craftItem.minecraft.iron_ingot":20,"stat.pickup.minecraft.red_mushroom":35,"stat.craftingTableInteraction":53,"stat.mineBlock.byg.crate":9,"stat.pickup.minecraft.feather":2,"stat.pickup.minecraft.birch_boat":1,"stat.pickup.zawa.raw_frog_leg":12,"stat.pickup.minecraft.planks":23,"stat.pickup.minecraft.iron_leggings":1,"stat.pickup.minecraft.wheat_seeds":3,"stat.mineBlock.minecraft.gravel":19,"stat.useItem.minecraft.stone_pickaxe":395,"stat.useItem.minecraft.stone_sword":137,"stat.mineBlock.minecraft.dirt":68,"stat.drop.minecraft.stick":1,"stat.pickup.minecraft.flint_and_steel":2,"stat.useItem.minecraft.torch":93,"stat.pickup.rustic.bee":1,"stat.useItem.minecraft.bread":10,"stat.mineBlock.byg.greatoaklog":22,"stat.drop.minecraft.rotten_flesh":22,"stat.useItem.zawa.reptile_meat_raw":1,"stat.pickup.minecraft.crafting_table":1,"stat.useItem.minecraft.cobblestone":34,"stat.craftItem.minecraft.crafting_table":2,"stat.mineBlock.minecraft.double_plant":9,"stat.craftItem.minecraft.boat":2,"stat.mineBlock.zawa.bamboo":1,"stat.pickup.minecraft.log":74,"stat.useItem.minecraft.cooked_fish":2,"stat.mineBlock.byg.birchleavesyellow":1,"stat.pickup.zawa.bamboo":1,"stat.pickup.minecraft.sapling":11,"stat.pickup.minecraft.apple":1,"stat.craftItem.minecraft.planks":92,"stat.craftItem.minecraft.fishing_rod":1,"stat.craftItem.zawa.cooked_frog_leg":6,"stat.pickup.byg.greatoaklog":31,"stat.pickup.minecraft.book":15,"stat.mineBlock.minecraft.log":72,"stat.useItem.minecraft.beetroot_seeds":1,"stat.sneakTime":16993,"stat.pickup.minecraft.wool":3,"stat.pickup.rustic.chili_pepper_seeds":7,"stat.useItem.minecraft.baked_potato":5,"stat.pickup.minecraft.yellow_flower":2,"stat.useItem.minecraft.fishing_rod":71,"stat.pickup.minecraft.chest":1,"stat.pickup.minecraft.bone":9,"stat.useItem.minecraft.mushroom_stew":5,"stat.useItem.minecraft.iron_axe":215,"stat.mineBlock.minecraft.cobblestone":8,"stat.mineBlock.minecraft.pumpkin":12,"stat.pickup.minecraft.flint":1,"stat.mineBlock.minecraft.yellow_flower":1,"stat.mineBlock.minecraft.brown_mushroom":13,"stat.craftItem.minecraft.wool":4,"stat.craftItem.zawa.reptile_meat_cooked":1,"stat.swimOneCm":20830,"stat.climbOneCm":9763,"stat.mineBlock.minecraft.spruce_stairs":4,"stat.useItem.minecraft.dirt":54,"stat.useItem.minecraft.stone_slab2":37,"stat.pickup.minecraft.iron_boots":1,"stat.pickup.zawa.bird_meat":1,"stat.useItem.rustic.slate":1,"stat.craftItem.minecraft.furnace":1,"stat.useItem.zawa.raw_frog_leg":2,"stat.craftItem.minecraft.stone_pickaxe":3,"stat.craftItem.minecraft.cooked_beef":11,"stat.pickup.minecraft.cobblestone":299,"stat.flyOneCm":348198,"stat.pickup.minecraft.sandstone":3,"stat.useItem.minecraft.red_mushroom":5,"stat.pickup.minecraft.fish":28,"stat.pickup.rustic.slate":3,"stat.useItem.minecraft.cooked_beef":6,"stat.mineBlock.minecraft.iron_ore":24,"stat.timeSinceDeath":97960,"stat.drop.minecraft.spider_eye":2,"stat.pickup.minecraft.mutton":7,"stat.useItem.minecraft.potato":3,"stat.mineBlock.minecraft.coal_ore":120,"stat.pickup.minecraft.shield":1,"stat.drop.minecraft.baked_potato":7,"stat.mineBlock.minecraft.red_mushroom_block":100,"stat.pickup.minecraft.string":16,"stat.pickup.tombstone.crafting_ingredient":1,"stat.entityKilledBy.Skeleton":4,"stat.craftItem.minecraft.stone_slab2":0,"stat.pickup.zawa.reptile_meat_raw":4,"stat.sprintOneCm":339914,"stat.craftItem.minecraft.stick":52,"stat.useItem.tombstone.magic_scroll":1,"stat.mineBlock.rustic.wildberry_bush":4,"stat.useItem.minecraft.diamond_pickaxe":46,"stat.mineBlock.minecraft.planks":1,"stat.drop":42,"stat.killEntity.Sheep":4,"stat.pickup.minecraft.slime_ball":19,"stat.useItem.minecraft.melon_seeds":6,"stat.killEntity.Zombie":8,"stat.craftItem.minecraft.dye":15,"stat.drop.minecraft.bread":9,"stat.diveOneCm":29515,"stat.useItem.byg.crate":8,"stat.useItem.zawa.rat_raw":2,"stat.mineBlock.byg.oakleavesred":2,"stat.pickup.rustic.wildberry_bush":5,"stat.pickup.minecraft.gravel":18,"stat.useItem.minecraft.apple":5,"stat.useItem.byg.soapstone":4,"stat.useItem.minecraft.rotten_flesh":12,"stat.pickup.byg.soapstone":5,"stat.jump":2633,"stat.useItem.minecraft.sand":1,"stat.pickup.minecraft.coal":120,"stat.pickup.minecraft.iron_ingot":42,"stat.craftItem.minecraft.birch_boat":2,"stat.useItem.minecraft.stone_axe":102,"stat.entityKilledBy.CaveSpider":1,"stat.pickup.minecraft.spider_eye":4,"stat.craftItem.minecraft.torch":116,"stat.pickup.minecraft.dirt":78,"stat.craftItem.minecraft.iron_helmet":1,"stat.useItem.zawa.reptile_meat_cooked":1,"stat.drop.minecraft.bed":1,"stat.pickup.minecraft.iron_ore":20,"stat.boatOneCm":548437,"stat.pickup.rustic.tomato_seeds":2,"stat.pickup.rustic.wind_thistle":3,"stat.damageTaken":4266,"stat.pickup.minecraft.leather":3,"stat.mineBlock.minecraft.torch":10,"stat.mineBlock.minecraft.furnace":1,"stat.useItem.minecraft.wooden_pickaxe":59,"stat.mineBlock.minecraft.sapling":1,"stat.killEntity.CaveSpider":1,"stat.pickup.minecraft.bed":3,"tombstone:undead_killed":13,"stat.pickup.minecraft.potato":17,"stat.entityKilledBy.Zombie":2,"stat.damageDealt":5822,"stat.craftItem.minecraft.glass":12,"stat.pickup.byg.greenapple":1,"stat.sleepInBed":8,"stat.craftItem.minecraft.bowl":4,"stat.craftItem.minecraft.baked_potato":12,"stat.killEntity.Cow":4,"stat.pickup.minecraft.minecart":1,"stat.pickup.zawa.rat_raw":2,"stat.pickup.minecraft.boat":4,"stat.walkOneCm":679714,"stat.useItem.minecraft.chest":1,"stat.pickup.byg.chainplating":2,"stat.useItem.tombstone.gift":1,"stat.craftItem.byg.greatoakplanks":132,"stat.useItem.minecraft.spruce_stairs":16,"stat.pickup.minecraft.stone":16,"stat.craftItem.minecraft.iron_chestplate":1,"stat.mineBlock.byg.prairie_grass6":1,"stat.killEntity.Skeleton":5,"stat.mineBlock.byg.oakleavesorange":14,"stat.craftItem.byg.pumpkinmash":9,"stat.mineBlock.byg.soapstone":5,"stat.killEntity.Spider":7,"stat.pickup.minecraft.bread":16,"stat.mobKills":50,"stat.mineBlock.minecraft.bookshelf":5,"stat.useItem.minecraft.boat":4,"stat.mineBlock.minecraft.leaves":36,"stat.pickup.minecraft.beetroot_seeds":3,"stat.pickup.minecraft.torch":9,"stat.pickup.minecraft.spruce_stairs":4,"stat.pickup.byg.redoaksapling":1,"stat.craftItem.minecraft.spruce_stairs":16,"stat.mineBlock.rustic.wind_thistle":1,"stat.mineBlock.minecraft.stone":292}