{"stat.pickup.minecraft.sand":40,"stat.walkOneCm":38268,"stat.craftItem.minecraft.planks":16,"stat.leaveGame":1,"stat.drop.zawa.worm":2,"stat.damageTaken":20,"stat.mineBlock.minecraft.log":4,"stat.pickup.minecraft.log":4,"stat.flyOneCm":9050,"stat.drop":2,"stat.jump":164,"stat.mineBlock.minecraft.leaves":1,"stat.mineBlock.minecraft.sand":43,"stat.useItem.minecraft.sand":11,"stat.pickup.zawa.worm":2,"stat.playOneMinute":14055,"stat.fallOneCm":1825,"stat.sneakTime":3486,"stat.damageDealt":18,"stat.crouchOneCm":11964,"stat.pickup.zawa.care_guide":1,"stat.timeSinceDeath":14055,"stat.pickup.minecraft.sapling":2,"stat.pickup.minecraft.dirt":141,"stat.useItem.minecraft.dirt":89,"stat.sprintOneCm":8613,"stat.mineBlock.minecraft.dirt":142,"stat.useItem.minecraft.stone_slab2":6,"stat.craftingTableInteraction":3}