{"stats":{"minecraft:killed":{"minecraft:zombie_villager":1,"minecraft:zombie":4,"hordes:husk_player":6},"minecraft:crafted":{"minecraft:oak_planks":28,"minecraft:crafting_table":1,"minecraft:wooden_pickaxe":1,"minecraft:iron_sword":1,"minecraft:furnace":6,"minecraft:copper_ingot":8,"minecraft:lever":1,"minecraft:stone_axe":1,"minecraft:air":0,"minecraft:jungle_planks":20,"minecraft:stick":16,"minecraft:iron_ingot":39,"minecraft:stone_pickaxe":3,"minecraft:iron_block":1,"minecraft:stone_sword":1,"minecraft:chest":1,"minecraft:torch":12},"minecraft:used":{"minecraft:wheat_seeds":3,"minecraft:netherite_sword":28,"minecraft:diorite":3,"minecraft:stone_sword":14,"minecraft:stone_pickaxe":277,"minecraft:chest":1,"minecraft:wooden_pickaxe":71,"minecraft:iron_sword":25,"bunker_down:steel_pressure_plate":1,"minecraft:torch":23,"minecraft:crafting_table":1,"bunker_down:brittle_pickaxe":24,"minecraft:carrot":1,"minecraft:wooden_axe":3,"minecraft:lever":1,"minecraft:stone_axe":5,"minecraft:furnace":6,"minecraft:andesite":7,"tombstone:gift":1,"alexsmobs:animal_dictionary":1,"minecraft:light_gray_bed":1},"minecraft:picked_up":{"minecraft:wooden_axe":3,"minecraft:clay_ball":128,"minecraft:jungle_log":5,"minecraft:andesite":36,"minecraft:wooden_pickaxe":4,"minecraft:tuff":4,"minecraft:oak_log":7,"minecraft:string":2,"minecraft:dirt":34,"tombstone:gift":1,"minecraft:raw_copper":146,"bunker_down:steel_block":23,"minecraft:red_sand":3,"minecraft:cobbled_deepslate":56,"minecraft:stone_pickaxe":3,"minecraft:iron_nugget":34,"minecraft:oak_planks":32,"minecraft:stone_hoe":2,"minecraft:stick":6,"minecraft:raw_iron":39,"minecraft:pumpkin":4,"minecraft:torch":2,"minecraft:jungle_planks":36,"minecraft:sand":3,"tombstone:grave_dust":1,"minecraft:diorite":67,"bunker_down:steel_pressure_plate":3,"alexsmobs:animal_dictionary":3,"minecraft:light_gray_bed":7,"minecraft:stone_sword":2,"minecraft:light_gray_concrete":8,"minecraft:rotten_flesh":17,"minecraft:stone_axe":1,"butcher:butchersguidebook":3,"minecraft:lever":3,"minecraft:iron_block":1,"minecraft:coal":32,"minecraft:cobblestone":322},"minecraft:dropped":{"minecraft:torch":1},"minecraft:mined":{"minecraft:tuff":2,"bunker_down:steel_pressure_plate":1,"horror_element_mod:dead_pig":1,"minecraft:clay":16,"minecraft:lever":1,"minecraft:red_sand":1,"minecraft:jungle_log":5,"minecraft:light_gray_bed":2,"minecraft:copper_ore":27,"minecraft:cobblestone":3,"minecraft:deepslate_coal_ore":3,"minecraft:diorite":23,"minecraft:iron_ore":25,"minecraft:andesite":18,"minecraft:oak_log":7,"minecraft:coal_ore":26,"minecraft:deepslate_iron_ore":14,"minecraft:flowering_azalea_leaves":2,"minecraft:light_gray_concrete":3,"minecraft:sand":1,"minecraft:dirt":17,"minecraft:cobweb":1,"bunker_down:steel_block":9,"minecraft:azalea_leaves":5,"minecraft:stone":143,"minecraft:deepslate":52},"minecraft:custom":{"minecraft:interact_with_furnace":8,"minecraft:mob_kills":11,"minecraft:interact_with_crafting_table":17,"minecraft:damage_dealt_resisted":196,"minecraft:leave_game":7,"minecraft:time_since_death":1117,"minecraft:sleep_in_bed":1,"minecraft:climb_one_cm":26373,"minecraft:time_since_rest":923,"minecraft:sprint_one_cm":29688,"minecraft:damage_taken":1594,"minecraft:walk_one_cm":139143,"minecraft:drop":1,"minecraft:damage_dealt":2179,"minecraft:fly_one_cm":23196,"minecraft:player_kills":1,"minecraft:open_chest":12,"minecraft:crouch_one_cm":7018,"minecraft:play_time":67496,"tombstone:undead_killed":11,"minecraft:deaths":6,"minecraft:sneak_time":4453,"minecraft:walk_under_water_one_cm":865,"minecraft:jump":420,"minecraft:walk_on_water_one_cm":4298,"minecraft:total_world_time":67496,"minecraft:fall_one_cm":4434},"minecraft:killed_by":{"minecraft:player":2,"minecraft:zombie":1},"minecraft:broken":{"minecraft:stone_pickaxe":2,"bunker_down:brittle_pickaxe":1,"minecraft:wooden_axe":1,"minecraft:wooden_pickaxe":1}},"DataVersion":3465}