{"stats":{"minecraft:mined":{"minecraft:tuff":2,"bunker_down:steel_pressure_plate":3,"minecraft:lever":3,"minecraft:granite":27,"minecraft:red_sand":1,"minecraft:jungle_log":5,"minecraft:light_gray_bed":2,"minecraft:moss_block":1,"minecraft:redstone_ore":11,"minecraft:iron_ore":53,"minecraft:andesite":24,"minecraft:deepslate_iron_ore":14,"minecraft:flowering_azalea_leaves":2,"minecraft:iron_bars":2,"minecraft:light_gray_concrete":6,"bunker_down:steel_block":11,"minecraft:azalea_leaves":5,"minecraft:stone":238,"bunker_down:ceiling_lamp":5,"horror_element_mod:dead_pig":1,"minecraft:clay":16,"minecraft:copper_ore":65,"minecraft:cobblestone":5,"minecraft:deepslate_coal_ore":3,"minecraft:lapis_ore":6,"minecraft:sugar_cane":2,"minecraft:diorite":42,"minecraft:wall_torch":2,"minecraft:chain":2,"minecraft:oak_log":7,"minecraft:coal_ore":82,"minecraft:dirt":17,"minecraft:sand":1,"minecraft:cobweb":1,"minecraft:gold_ore":4,"minecraft:deepslate":52},"minecraft:killed":{"hordes:husk_player":7,"minecraft:zombie_villager":1,"minecraft:zombie":16},"minecraft:dropped":{"alexsmobs:roadrunner_feather":1,"minecraft:torch":8,"minecraft:sugar_cane":4,"minecraft:shield":1,"tacz:ammo":24,"minecraft:spruce_log":66},"minecraft:killed_by":{"minecraft:player":2,"minecraft:zombie":9},"minecraft:picked_up":{"minecraft:wooden_axe":3,"minecraft:clay_ball":128,"minecraft:wooden_pickaxe":4,"alexsmobs:roadrunner_feather":1,"minecraft:enchanted_book":1,"minecraft:chain":3,"minecraft:string":2,"minecraft:raw_copper":271,"tacz:ammo":24,"minecraft:spruce_planks":7,"minecraft:red_sand":3,"minecraft:smooth_stone":6,"minecraft:cobbled_deepslate":56,"minecraft:bucket":1,"minecraft:iron_nugget":34,"minecraft:sugar_cane":6,"minecraft:stick":6,"minecraft:raw_iron":66,"minecraft:torch":11,"tombstone:grave_dust":2,"minecraft:diorite":85,"minecraft:redstone":48,"minecraft:light_gray_bed":8,"minecraft:stone_sword":2,"minecraft:rotten_flesh":34,"minecraft:iron_block":2,"minecraft:iron_bars":2,"minecraft:cobblestone":433,"bunker_down:ceiling_lamp":5,"minecraft:air":0,"minecraft:jungle_log":5,"minecraft:andesite":43,"minecraft:tuff":4,"minecraft:oak_log":7,"minecraft:lapis_lazuli":44,"minecraft:dirt":34,"tombstone:gift":1,"bunker_down:steel_block":32,"minecraft:raw_gold":4,"minecraft:stone_pickaxe":4,"minecraft:iron_ingot":14,"minecraft:oak_planks":32,"minecraft:iron_sword":1,"minecraft:stone_hoe":2,"minecraft:pumpkin":4,"minecraft:jungle_planks":36,"minecraft:sand":3,"minecraft:spruce_log":66,"alexsmobs:animal_dictionary":5,"bunker_down:steel_pressure_plate":5,"bunker_down:steel_block_slab":2,"minecraft:light_gray_concrete":13,"minecraft:stone_axe":2,"butcher:butchersguidebook":4,"tacz:modern_kinetic_gun":1,"minecraft:lever":5,"minecraft:granite":28,"minecraft:spruce_button":1,"tombstone:magic_scroll":1,"minecraft:coal":90},"minecraft:used":{"minecraft:netherite_sword":34,"minecraft:stone_sword":14,"bunker_down:ceiling_lamp":5,"tacz:gun_smith_table":1,"minecraft:chest":4,"minecraft:shield":2,"bunker_down:steel_pressure_plate":1,"minecraft:iron_sword":72,"minecraft:rotten_flesh":3,"minecraft:torch":33,"bunker_down:brittle_pickaxe":24,"minecraft:carrot":1,"minecraft:wooden_axe":3,"minecraft:spruce_button":1,"minecraft:furnace":6,"tombstone:gift":3,"minecraft:light_gray_bed":1,"minecraft:wheat_seeds":3,"minecraft:diorite":3,"minecraft:stone_pickaxe":393,"minecraft:wooden_pickaxe":71,"minecraft:sugar_cane":5,"minecraft:crafting_table":1,"minecraft:lever":4,"minecraft:light_gray_concrete":3,"minecraft:oak_button":1,"minecraft:iron_pickaxe":196,"minecraft:stone_axe":5,"minecraft:cobblestone":13,"minecraft:andesite":8,"alexsmobs:animal_dictionary":1,"minecraft:smooth_stone":3},"minecraft:broken":{"bunker_down:brittle_pickaxe":1,"minecraft:wooden_pickaxe":1,"minecraft:stone_pickaxe":3,"minecraft:wooden_axe":1},"minecraft:crafted":{"minecraft:oak_planks":28,"minecraft:spruce_button":1,"minecraft:furnace":6,"minecraft:lever":3,"minecraft:stone_pickaxe":3,"minecraft:chest":4,"minecraft:oak_button":1,"minecraft:sugar":1,"minecraft:crafting_table":1,"minecraft:spruce_planks":252,"minecraft:wooden_pickaxe":1,"minecraft:iron_sword":1,"tacz:gun_smith_table":1,"minecraft:copper_ingot":73,"minecraft:bucket":1,"minecraft:stone_axe":1,"minecraft:air":0,"minecraft:jungle_planks":20,"minecraft:shield":2,"minecraft:stick":24,"minecraft:iron_ingot":39,"minecraft:iron_pickaxe":1,"minecraft:stone_sword":1,"minecraft:iron_block":1,"minecraft:torch":28},"minecraft:custom":{"minecraft:mob_kills":24,"minecraft:interact_with_crafting_table":33,"minecraft:damage_dealt_resisted":526,"minecraft:leave_game":9,"minecraft:time_since_death":161,"minecraft:climb_one_cm":36582,"minecraft:sprint_one_cm":42698,"minecraft:walk_one_cm":283057,"minecraft:damage_blocked_by_shield":15,"minecraft:drop":15,"minecraft:play_time":113153,"minecraft:deaths":19,"minecraft:sneak_time":8951,"minecraft:walk_under_water_one_cm":1777,"minecraft:jump":800,"minecraft:walk_on_water_one_cm":5496,"minecraft:total_world_time":113153,"minecraft:interact_with_furnace":18,"minecraft:sleep_in_bed":1,"minecraft:time_since_rest":60,"minecraft:damage_taken":5112,"minecraft:damage_dealt":4223,"minecraft:fly_one_cm":43808,"minecraft:player_kills":1,"minecraft:open_chest":45,"minecraft:crouch_one_cm":18121,"tombstone:undead_killed":24,"minecraft:fall_one_cm":8952}},"DataVersion":3465}