{"stats":{"minecraft:mined":{"minecraft:diamond_ore":1,"minecraft:tuff":2,"bunker_down:steel_pressure_plate":3,"minecraft:lever":3,"minecraft:granite":41,"minecraft:red_sand":1,"minecraft:jungle_log":43,"minecraft:light_gray_bed":2,"minecraft:moss_block":1,"minecraft:redstone_ore":11,"minecraft:iron_ore":70,"minecraft:andesite":24,"minecraft:vine":7,"minecraft:deepslate_iron_ore":14,"minecraft:flowering_azalea_leaves":2,"minecraft:iron_bars":2,"minecraft:light_gray_concrete":6,"bunker_down:steel_block":11,"minecraft:azalea_leaves":5,"minecraft:stone":349,"bunker_down:ceiling_lamp":5,"horror_element_mod:dead_pig":1,"minecraft:clay":17,"minecraft:copper_ore":75,"minecraft:cobblestone":5,"minecraft:deepslate_coal_ore":3,"minecraft:lapis_ore":10,"minecraft:sugar_cane":8,"minecraft:diorite":51,"minecraft:wall_torch":2,"minecraft:chain":2,"minecraft:oak_log":7,"minecraft:coal_ore":82,"minecraft:gravel":37,"minecraft:dirt":17,"minecraft:sand":5,"minecraft:cobweb":1,"minecraft:gold_ore":4,"minecraft:deepslate":52},"minecraft:dropped":{"minecraft:stick":1,"alexsmobs:roadrunner_feather":1,"minecraft:torch":8,"tacz:modern_kinetic_gun":4,"minecraft:iron_pickaxe":2,"minecraft:white_wool":2,"minecraft:sugar_cane":4,"minecraft:rotten_flesh":3,"minecraft:shield":1,"bunker_down:steel_block":3,"tacz:ammo":240,"minecraft:spruce_log":66},"minecraft:killed":{"minecraft:spider":2,"minecraft:phantom":1,"hordes:husk_player":29,"minecraft:zombie_villager":1,"minecraft:sheep":1,"minecraft:zombie":31},"minecraft:killed_by":{"minecraft:player":4,"minecraft:zombie":9},"minecraft:picked_up":{"minecraft:wooden_axe":3,"minecraft:fishing_rod":2,"minecraft:clay_ball":132,"minecraft:wooden_pickaxe":4,"alexsmobs:roadrunner_feather":1,"minecraft:enchanted_book":3,"minecraft:chain":3,"minecraft:shield":3,"minecraft:string":6,"minecraft:iron_axe":3,"minecraft:raw_copper":310,"tacz:ammo":442,"minecraft:spruce_planks":10,"minecraft:red_sand":5,"minecraft:smooth_stone":6,"minecraft:cobbled_deepslate":56,"minecraft:bucket":1,"minecraft:iron_nugget":34,"minecraft:iron_pickaxe":4,"minecraft:sugar_cane":20,"minecraft:stick":11,"minecraft:raw_iron":83,"minecraft:copper_ingot":3,"minecraft:torch":29,"tacz:attachment":1,"tombstone:grave_dust":12,"minecraft:diorite":120,"minecraft:redstone":49,"minecraft:light_gray_bed":8,"minecraft:stone_sword":2,"minecraft:rotten_flesh":44,"minecraft:iron_block":2,"minecraft:iron_bars":2,"minecraft:white_wool":4,"minecraft:cobblestone":498,"bunker_down:ceiling_lamp":5,"minecraft:air":0,"minecraft:jungle_log":77,"minecraft:andesite":43,"minecraft:flint":6,"minecraft:tuff":4,"minecraft:oak_log":15,"minecraft:lapis_lazuli":69,"minecraft:dirt":34,"tombstone:gift":2,"bunker_down:steel_block":54,"minecraft:raw_gold":4,"minecraft:stone_pickaxe":4,"minecraft:iron_ingot":60,"minecraft:oak_planks":32,"minecraft:iron_sword":1,"minecraft:stone_hoe":2,"minecraft:pumpkin":4,"minecraft:gravel":38,"minecraft:jungle_planks":36,"minecraft:sand":11,"minecraft:spruce_log":66,"alexsmobs:animal_dictionary":5,"bunker_down:steel_pressure_plate":5,"bunker_down:steel_block_slab":4,"minecraft:bundle":1,"minecraft:light_gray_concrete":14,"minecraft:stone_axe":4,"butcher:butchersguidebook":4,"tacz:modern_kinetic_gun":7,"minecraft:lever":7,"minecraft:granite":38,"minecraft:spruce_button":3,"tombstone:magic_scroll":4,"minecraft:coal":90,"minecraft:ender_pearl":3},"minecraft:used":{"minecraft:netherite_sword":34,"minecraft:red_sand":2,"minecraft:stone_sword":14,"minecraft:iron_shovel":31,"bunker_down:ceiling_lamp":5,"tacz:gun_smith_table":1,"minecraft:chest":4,"minecraft:shield":3,"bunker_down:steel_pressure_plate":1,"minecraft:iron_sword":72,"minecraft:rotten_flesh":3,"minecraft:torch":36,"bunker_down:brittle_pickaxe":24,"minecraft:carrot":1,"minecraft:wooden_axe":3,"minecraft:iron_axe":51,"minecraft:spruce_button":1,"minecraft:furnace":6,"tombstone:gift":3,"minecraft:light_gray_bed":1,"minecraft:wheat_seeds":3,"minecraft:diorite":5,"minecraft:stone_pickaxe":393,"minecraft:wooden_pickaxe":71,"minecraft:sugar_cane":5,"minecraft:crafting_table":1,"minecraft:lever":6,"bunker_down:steel_block":16,"minecraft:light_gray_concrete":3,"minecraft:oak_button":1,"minecraft:iron_pickaxe":363,"minecraft:gravel":37,"minecraft:iron_door":1,"minecraft:stone_axe":5,"minecraft:cobblestone":13,"minecraft:andesite":8,"alexsmobs:animal_dictionary":1,"minecraft:smooth_stone":3},"minecraft:broken":{"bunker_down:brittle_pickaxe":1,"minecraft:wooden_pickaxe":1,"minecraft:stone_pickaxe":3,"minecraft:wooden_axe":1},"minecraft:crafted":{"minecraft:oak_planks":44,"minecraft:spruce_button":1,"minecraft:furnace":6,"minecraft:lever":3,"minecraft:iron_axe":1,"minecraft:stone_pickaxe":3,"minecraft:chest":4,"minecraft:oak_button":1,"securitycraft:portable_radar":1,"minecraft:sugar":12,"minecraft:crafting_table":1,"minecraft:spruce_planks":252,"minecraft:wooden_pickaxe":1,"minecraft:iron_sword":1,"tacz:gun_smith_table":1,"minecraft:copper_ingot":73,"minecraft:bucket":1,"minecraft:stone_axe":1,"minecraft:air":0,"minecraft:jungle_planks":164,"minecraft:shield":3,"minecraft:stick":36,"minecraft:gunpowder":3,"minecraft:iron_ingot":66,"minecraft:iron_pickaxe":1,"minecraft:stone_sword":1,"minecraft:iron_block":1,"minecraft:iron_shovel":1,"minecraft:redstone_torch":1,"minecraft:torch":28},"minecraft:custom":{"minecraft:mob_kills":65,"minecraft:interact_with_crafting_table":50,"minecraft:damage_dealt_resisted":712,"minecraft:leave_game":9,"minecraft:time_since_death":23036,"minecraft:climb_one_cm":50214,"minecraft:sprint_one_cm":58037,"minecraft:walk_one_cm":379204,"minecraft:damage_blocked_by_shield":62,"minecraft:drop":33,"minecraft:play_time":161153,"minecraft:deaths":22,"minecraft:sneak_time":12220,"minecraft:walk_under_water_one_cm":4415,"minecraft:jump":980,"minecraft:walk_on_water_one_cm":9618,"minecraft:total_world_time":161153,"minecraft:interact_with_furnace":30,"minecraft:sleep_in_bed":1,"minecraft:time_since_rest":22837,"minecraft:damage_taken":6571,"minecraft:damage_dealt":4298,"minecraft:swim_one_cm":4108,"minecraft:fly_one_cm":64010,"minecraft:player_kills":7,"minecraft:open_chest":86,"minecraft:crouch_one_cm":24477,"tombstone:undead_killed":61,"minecraft:fall_one_cm":15935}},"DataVersion":3465}