{"stats":{"minecraft:mined":{"minecraft:jungle_leaves":1,"minecraft:granite":41,"minecraft:red_sand":1,"minecraft:grass_block":62,"minecraft:jungle_log":43,"minecraft:light_gray_bed":5,"tacz:gun_smith_table":1,"minecraft:iron_ore":70,"minecraft:flowering_azalea_leaves":2,"minecraft:iron_bars":2,"minecraft:light_gray_concrete":6,"minecraft:azalea_leaves":5,"horror_element_mod:dead_pig":1,"minecraft:clay":17,"minecraft:melon":3,"minecraft:dead_bush":1,"minecraft:cobblestone":8,"minecraft:sugar_cane":13,"minecraft:wall_torch":2,"minecraft:chain":2,"minecraft:grass":6,"minecraft:oak_log":40,"minecraft:sand":5,"minecraft:dirt":24,"minecraft:oak_leaves":28,"minecraft:deepslate":52,"minecraft:diamond_ore":2,"minecraft:tuff":2,"bunker_down:steel_pressure_plate":3,"minecraft:lever":3,"minecraft:moss_block":1,"minecraft:redstone_ore":11,"minecraft:andesite":24,"minecraft:deepslate_iron_ore":14,"minecraft:vine":7,"bunker_down:steel_block":13,"minecraft:stone":351,"bunker_down:ceiling_lamp":5,"minecraft:copper_ore":75,"minecraft:deepslate_coal_ore":3,"minecraft:lapis_ore":10,"minecraft:diorite":51,"minecraft:birch_leaves":1,"minecraft:coal_ore":82,"minecraft:gravel":37,"minecraft:cobweb":1,"minecraft:gold_ore":4},"minecraft:killed_by":{"minecraft:zombie":9,"minecraft:player":5},"minecraft:crafted":{"minecraft:oak_planks":48,"minecraft:lever":3,"minecraft:cooked_mutton":2,"minecraft:chest":5,"minecraft:oak_button":1,"minecraft:stone_hoe":1,"minecraft:crafting_table":3,"minecraft:spruce_planks":252,"minecraft:wooden_pickaxe":1,"minecraft:copper_ingot":73,"minecraft:shield":3,"minecraft:stick":60,"minecraft:iron_pickaxe":1,"minecraft:iron_ingot":66,"minecraft:iron_block":1,"minecraft:stone_sword":1,"minecraft:redstone_torch":1,"minecraft:stone_shovel":1,"minecraft:spruce_button":1,"minecraft:furnace":6,"minecraft:iron_axe":1,"minecraft:ladder":9,"minecraft:stone_pickaxe":3,"securitycraft:portable_radar":1,"minecraft:sugar":12,"minecraft:iron_sword":1,"tacz:gun_smith_table":1,"minecraft:bucket":2,"minecraft:stone_axe":1,"minecraft:air":0,"minecraft:jungle_planks":196,"minecraft:gunpowder":3,"minecraft:iron_shovel":1,"minecraft:torch":36},"minecraft:custom":{"minecraft:interact_with_crafting_table":60,"minecraft:leave_game":24,"minecraft:time_since_death":31432,"minecraft:sprint_one_cm":142132,"minecraft:damage_blocked_by_shield":62,"minecraft:drop":133,"minecraft:play_time":602557,"minecraft:deaths":27,"minecraft:jump":2502,"minecraft:walk_on_water_one_cm":29280,"minecraft:interact_with_furnace":37,"minecraft:sleep_in_bed":4,"minecraft:damage_dealt":4827,"minecraft:player_kills":9,"minecraft:crouch_one_cm":48919,"minecraft:mob_kills":158,"minecraft:inspect_hopper":2,"minecraft:damage_dealt_resisted":1322,"minecraft:climb_one_cm":105299,"minecraft:walk_one_cm":1095864,"minecraft:sneak_time":29681,"minecraft:walk_under_water_one_cm":98326,"minecraft:total_world_time":602557,"minecraft:time_since_rest":31458,"minecraft:damage_taken":8568,"minecraft:swim_one_cm":6233,"minecraft:fly_one_cm":1174718,"minecraft:open_chest":148,"minecraft:fall_one_cm":25635},"minecraft:dropped":{"securitycraft:reinforced_white_concrete":1,"k_turrets:gauss_bullet":960,"minecraft:baked_potato":128,"minecraft:deepslate_tile_wall":1,"simpleplanes:plane":1,"minecraft:dirt":1,"alexsmobs:roadrunner_feather":1,"minecraft:iron_pickaxe":2,"minecraft:fishing_rod":1,"minecraft:white_wool":2,"minecraft:sugar_cane":4,"minecraft:lever":1,"minecraft:rotten_flesh":3,"minecraft:cooked_mutton":2,"securitycraft:limited_use_keycard":1,"minecraft:spruce_button":1,"minecraft:stick":1,"minecraft:torch":8,"minecraft:melon_slice":7,"tacz:modern_kinetic_gun":8,"minecraft:shield":1,"bunker_down:steel_block":3,"minecraft:spider_eye":1,"tacz:ammo":2981,"minecraft:spruce_log":66},"minecraft:picked_up":{"minecraft:wooden_axe":3,"minecraft:enchanted_book":4,"securitycraft:reinforced_oak_planks":1,"securitycraft:reinforced_white_concrete":2,"minecraft:string":9,"minecraft:raw_copper":728,"minecraft:beetroot":2,"minecraft:red_sand":5,"minecraft:smooth_stone":6,"minecraft:cobbled_deepslate":56,"minecraft:bucket":1,"minecraft:spruce_planks":13,"tacz:target":1,"minecraft:iron_pickaxe":8,"minecraft:deepslate_tile_wall":3,"minecraft:melon_slice":14,"minecraft:stick":42,"minecraft:torch":48,"securitycraft:camera_monitor":1,"tacz:attachment":1,"minecraft:diorite":120,"minecraft:stone_sword":2,"minecraft:light_gray_bed":13,"minecraft:rotten_flesh":89,"minecraft:iron_block":2,"minecraft:end_rod":6,"minecraft:iron_bars":2,"minecraft:cobblestone":927,"bunker_down:ceiling_lamp":5,"minecraft:jungle_log":85,"minecraft:andesite":43,"minecraft:golden_leggings":1,"minecraft:flint":11,"minecraft:tuff":4,"k_turrets:gauss_bullet":960,"securitycraft:reinforced_ladder":1,"minecraft:lapis_lazuli":276,"minecraft:dirt":341,"securitycraft:sentry":6,"securitycraft:reinforced_stone_button":2,"minecraft:wheat_seeds":2,"minecraft:raw_gold":4,"tacz:gun_smith_table":2,"minecraft:oak_planks":32,"minecraft:stone_hoe":2,"simpleplanes:plane":1,"minecraft:jungle_planks":116,"minecraft:sand":11,"alexsmobs:animal_dictionary":5,"bunker_down:steel_pressure_plate":5,"minecraft:bundle":1,"minecraft:light_gray_concrete":14,"alexsmobs:kangaroo_hide":5,"minecraft:sugar":30,"butcher:butchersguidebook":4,"minecraft:lever":8,"k_turrets:gauss_turret_item":5,"minecraft:granite":58,"k_turrets:cobble_drone_item":2,"minecraft:white_concrete":83,"minecraft:spruce_button":4,"alexsmobs:maggot":2,"minecraft:oak_sapling":8,"minecraft:fishing_rod":3,"minecraft:charcoal":183,"securitycraft:redstone_module":2,"minecraft:clay_ball":132,"minecraft:wooden_pickaxe":4,"alexsmobs:roadrunner_feather":1,"minecraft:chain":3,"minecraft:shield":4,"minecraft:iron_axe":6,"tacz:ammo":3070,"minecraft:iron_shovel":5,"securitycraft:smart_module":10,"minecraft:iron_nugget":34,"minecraft:sugar_cane":40,"minecraft:birch_sapling":2,"securitycraft:reinforced_polished_blackstone_button":2,"minecraft:raw_iron":100,"minecraft:copper_ingot":205,"minecraft:carrot":4,"minecraft:redstone":178,"k_turrets:bullet_drone_item":3,"k_turrets:arrow_turret_item":1,"minecraft:stone_shovel":2,"alexsmobs:kangaroo_meat":3,"minecraft:white_wool":4,"minecraft:air":0,"minecraft:oak_log":50,"minecraft:gunpowder":9,"bunker_down:steel_block":64,"minecraft:cooked_mutton":2,"minecraft:iron_ingot":78,"minecraft:stone_pickaxe":4,"minecraft:iron_sword":1,"securitycraft:motion_activated_light":2,"minecraft:pumpkin":6,"minecraft:gravel":54,"securitycraft:portable_radar":3,"minecraft:spruce_log":66,"securitycraft:limited_use_keycard":1,"minecraft:spider_eye":1,"bunker_down:steel_block_slab":4,"minecraft:stone_axe":7,"tacz:modern_kinetic_gun":16,"minecraft:oak_button":1,"minecraft:baked_potato":128,"minecraft:coal":272,"minecraft:ender_pearl":3},"minecraft:killed":{"minecraft:spider":12,"minecraft:zombie_horse":1,"minecraft:guardian":4,"alexsmobs:leafcutter_ant":1,"hordes:husk_player":30,"alexsmobs:kangaroo":4,"minecraft:zombie_villager":2,"minecraft:sheep":1,"minecraft:zombie":71,"hordes:zombie_player":3,"minecraft:phantom":5,"minecraft:drowned":13,"minecraft:husk":5,"alexsmobs:catfish":1},"minecraft:used":{"minecraft:beetroot":2,"k_turrets:gauss_drone_item":7,"minecraft:red_sand":2,"minecraft:iron_shovel":31,"minecraft:ladder":19,"bunker_down:ceiling_lamp":25,"minecraft:chest":12,"minecraft:shield":3,"minecraft:stone":371,"minecraft:iron_sword":72,"minecraft:zombie_spawn_egg":1,"securitycraft:security_camera":29,"minecraft:rotten_flesh":14,"minecraft:carrot":1,"k_turrets:bullet_drone_item":3,"butcher:bonebarrel":2,"securitycraft:camera_monitor":35,"butcher:emptyskinrack":7,"butcher:cow_headf":1,"butcher:fox_skinned_head":7,"k_turrets:arrow_turret_item":1,"butcher:empty_meat_grinder":1,"minecraft:quartz_block":1,"minecraft:item_frame":6,"simpleplanes:plane":3,"minecraft:scaffolding":2,"minecraft:furnace":6,"securitycraft:laser_block":23,"butcher:freezer":9,"horror_element_mod:blood_9":4,"securitycraft:reinforced_polished_blackstone_button":18,"securitycraft:alarm":5,"securitycraft:wire_cutters":4,"securitycraft:reinforced_stone_button":7,"horror_element_mod:blood_1":7,"butcher:emptyheadmount":6,"minecraft:diorite":5,"minecraft:end_rod":43,"securitycraft:reinforced_quartz_stairs":8,"securitycraft:door_indestructible_iron_item":4,"minecraft:stone_pickaxe":393,"bunker_down:broken_ceiling_lamp":1,"minecraft:oak_planks":308,"minecraft:wooden_pickaxe":71,"securitycraft:keypad_frame":1,"minecraft:sugar_cane":5,"butcher:polarbearhead":3,"securitycraft:reinforced_glass_pane":281,"securitycraft:reinforced_ladder":18,"minecraft:chiseled_quartz_block":2,"minecraft:stone_brick_wall":226,"securitycraft:reinforced_oak_slab":52,"tacz:target":1,"horror_element_mod:blood_4":3,"minecraft:lever":10,"bunker_down:steel_block":22,"minecraft:light_gray_concrete":3,"securitycraft:reinforced_smooth_quartz_stairs":4,"minecraft:melon_slice":5,"minecraft:string":4,"securitycraft:smart_module":11,"minecraft:iron_door":1,"minecraft:gravel":37,"securitycraft:mine":4,"securitycraft:motion_activated_light":10,"securitycraft:reinforced_cracked_deepslate_tiles":10,"minecraft:andesite":8,"minecraft:chain":6,"securitycraft:retinal_scanner":3,"securitycraft:reinforced_fence_gate":3,"minecraft:white_concrete":1116,"minecraft:coarse_dirt":5,"minecraft:oak_trapdoor":9,"minecraft:netherite_sword":34,"minecraft:stone_sword":14,"minecraft:flint_and_steel":134,"minecraft:stone_shovel":58,"minecraft:redstone":17,"minecraft:zombie_villager_spawn_egg":6,"tacz:gun_smith_table":9,"bunker_down:steel_pressure_plate":1,"securitycraft:remote_access_mine":6,"securitycraft:scanner_trapdoor":8,"securitycraft:keypad_door_item":4,"minecraft:polished_blackstone_wall":102,"minecraft:torch":128,"minecraft:dirt":231,"minecraft:white_carpet":14,"minecraft:hopper":1,"bunker_down:brittle_pickaxe":24,"securitycraft:keycard_reader":3,"minecraft:wooden_axe":3,"minecraft:iron_axe":75,"minecraft:spruce_button":1,"securitycraft:universal_block_modifier":18,"butcher:salmonbarrel":3,"minecraft:smooth_quartz":3,"butcher:largeemptyheadmount":9,"securitycraft:sentry":12,"butcher:bloodgrate":4,"butcher:spiketrap":1,"minecraft:podzol":1,"butcher:metal_tray":2,"minecraft:trapped_chest":1,"minecraft:light_gray_bed":4,"minecraft:cobbled_deepslate_wall":2,"butcher:villager_corpse_skeleton_item":2,"minecraft:wheat_seeds":3,"minecraft:water_bucket":16,"securitycraft:reinforced_oak_planks":306,"minecraft:birch_planks":1,"minecraft:baked_potato":6,"securitycraft:reinforced_iron_trapdoor":15,"securitycraft:reinforced_deepslate_brick_wall":210,"securitycraft:scanner_door_item":1,"k_turrets:cobble_drone_item":2,"simpleplanes:helicopter":1,"k_turrets:gauss_turret_item":6,"securitycraft:keypad":1,"securitycraft:redstone_module":3,"minecraft:oak_slab":43,"minecraft:tnt":107,"minecraft:crafting_table":3,"minecraft:white_bed":3,"butcher:bloodsplatter_1":8,"minecraft:painting":13,"minecraft:deepslate_tile_wall":190,"minecraft:oak_log":20,"securitycraft:reinforced_lever":9,"butcher:pandahead":1,"minecraft:oak_button":1,"minecraft:iron_pickaxe":372,"securitycraft:secure_redstone_interface":1,"minecraft:stone_axe":27,"butcher:butcherstable":2,"securitycraft:reinforced_chain":36,"minecraft:cobblestone":126,"securitycraft:reinforced_white_concrete":720,"butcher:codbarrel":4,"securitycraft:admin_tool":2,"minecraft:bucket":12,"minecraft:glass_pane":279,"alexsmobs:animal_dictionary":1,"minecraft:smooth_stone":3,"securitycraft:glow_display_case":1},"minecraft:broken":{"bunker_down:brittle_pickaxe":1,"minecraft:stone_pickaxe":3,"minecraft:wooden_axe":1,"minecraft:wooden_pickaxe":1}},"DataVersion":3465}