{"stats":{"minecraft:crafted":{"minecraft:oak_planks":28,"minecraft:crafting_table":1,"minecraft:wooden_pickaxe":1,"minecraft:lever":1,"minecraft:jungle_planks":20,"minecraft:stick":12,"minecraft:stone_pickaxe":2,"minecraft:stone_sword":1,"minecraft:torch":12},"minecraft:killed":{"hordes:husk_player":2},"minecraft:dropped":{"minecraft:torch":1},"minecraft:killed_by":{"minecraft:player":2},"minecraft:custom":{"minecraft:mob_kills":2,"minecraft:interact_with_crafting_table":4,"minecraft:damage_dealt_resisted":38,"minecraft:leave_game":5,"minecraft:time_since_death":17366,"minecraft:climb_one_cm":14251,"minecraft:time_since_rest":17284,"minecraft:sprint_one_cm":24365,"minecraft:damage_taken":350,"minecraft:walk_one_cm":79153,"minecraft:drop":1,"minecraft:damage_dealt":383,"minecraft:fly_one_cm":17981,"minecraft:player_kills":1,"minecraft:open_chest":4,"minecraft:crouch_one_cm":4001,"minecraft:play_time":43848,"tombstone:undead_killed":2,"minecraft:deaths":2,"minecraft:sneak_time":2984,"minecraft:walk_under_water_one_cm":865,"minecraft:jump":234,"minecraft:walk_on_water_one_cm":4298,"minecraft:total_world_time":43848,"minecraft:fall_one_cm":1732},"minecraft:broken":{"bunker_down:brittle_pickaxe":1,"minecraft:wooden_pickaxe":1},"minecraft:used":{"minecraft:wheat_seeds":3,"minecraft:diorite":2,"minecraft:stone_sword":11,"minecraft:stone_pickaxe":123,"minecraft:wooden_pickaxe":71,"minecraft:torch":9,"minecraft:crafting_table":1,"bunker_down:brittle_pickaxe":24,"minecraft:carrot":1,"minecraft:lever":1,"tombstone:gift":1,"alexsmobs:animal_dictionary":1},"minecraft:picked_up":{"minecraft:wooden_axe":2,"minecraft:clay_ball":64,"minecraft:jungle_log":5,"minecraft:wooden_pickaxe":3,"minecraft:tuff":2,"minecraft:oak_log":7,"minecraft:dirt":17,"bunker_down:steel_block":10,"minecraft:red_sand":2,"minecraft:cobbled_deepslate":49,"minecraft:stone_pickaxe":2,"minecraft:iron_nugget":17,"minecraft:oak_planks":17,"minecraft:stone_hoe":1,"minecraft:stick":3,"minecraft:raw_iron":22,"minecraft:pumpkin":2,"minecraft:torch":2,"minecraft:jungle_planks":18,"minecraft:sand":2,"minecraft:diorite":46,"bunker_down:steel_pressure_plate":2,"alexsmobs:animal_dictionary":1,"minecraft:stone_sword":1,"minecraft:light_gray_concrete":4,"minecraft:light_gray_bed":4,"minecraft:rotten_flesh":8,"butcher:butchersguidebook":1,"minecraft:lever":2,"minecraft:coal":15,"minecraft:cobblestone":114},"minecraft:mined":{"minecraft:tuff":2,"bunker_down:steel_pressure_plate":1,"horror_element_mod:dead_pig":1,"minecraft:clay":16,"minecraft:lever":1,"minecraft:red_sand":1,"minecraft:jungle_log":5,"minecraft:light_gray_bed":2,"minecraft:cobblestone":3,"minecraft:deepslate_coal_ore":3,"minecraft:diorite":23,"minecraft:iron_ore":8,"minecraft:deepslate_iron_ore":14,"minecraft:oak_log":7,"minecraft:coal_ore":13,"minecraft:flowering_azalea_leaves":2,"minecraft:light_gray_concrete":2,"minecraft:sand":1,"minecraft:dirt":17,"minecraft:azalea_leaves":5,"bunker_down:steel_block":5,"minecraft:stone":72,"minecraft:deepslate":49}},"DataVersion":3465}