{"stats":{"minecraft:mined":{"minecraft:tuff":2,"bunker_down:steel_pressure_plate":3,"horror_element_mod:dead_pig":1,"minecraft:clay":16,"minecraft:granite":8,"minecraft:lever":2,"minecraft:red_sand":1,"minecraft:jungle_log":5,"minecraft:light_gray_bed":2,"minecraft:copper_ore":55,"minecraft:cobblestone":5,"minecraft:deepslate_coal_ore":3,"minecraft:diorite":36,"minecraft:iron_ore":40,"minecraft:andesite":19,"minecraft:oak_log":7,"minecraft:coal_ore":59,"minecraft:deepslate_iron_ore":14,"minecraft:flowering_azalea_leaves":2,"minecraft:light_gray_concrete":6,"minecraft:sand":1,"minecraft:dirt":17,"minecraft:cobweb":1,"bunker_down:steel_block":11,"minecraft:azalea_leaves":5,"minecraft:stone":196,"minecraft:deepslate":52},"minecraft:killed":{"minecraft:zombie_villager":1,"minecraft:zombie":16,"hordes:husk_player":7},"minecraft:killed_by":{"minecraft:player":2,"minecraft:zombie":2},"minecraft:dropped":{"minecraft:sugar_cane":4,"minecraft:torch":8,"tacz:ammo":24,"minecraft:spruce_log":66},"minecraft:picked_up":{"minecraft:wooden_axe":3,"minecraft:clay_ball":128,"minecraft:andesite":37,"minecraft:jungle_log":5,"minecraft:wooden_pickaxe":4,"minecraft:enchanted_book":1,"minecraft:tuff":4,"minecraft:oak_log":7,"minecraft:dirt":34,"minecraft:string":2,"tombstone:gift":1,"minecraft:raw_copper":235,"bunker_down:steel_block":28,"tacz:ammo":24,"minecraft:red_sand":3,"minecraft:cobbled_deepslate":56,"minecraft:smooth_stone":6,"minecraft:stone_pickaxe":4,"minecraft:iron_ingot":14,"minecraft:iron_nugget":34,"minecraft:sugar_cane":4,"minecraft:oak_planks":32,"minecraft:stone_hoe":2,"minecraft:iron_sword":1,"minecraft:stick":6,"minecraft:raw_iron":53,"minecraft:pumpkin":4,"minecraft:torch":9,"minecraft:sand":3,"minecraft:jungle_planks":36,"tombstone:grave_dust":2,"minecraft:diorite":79,"minecraft:spruce_log":66,"alexsmobs:animal_dictionary":4,"bunker_down:steel_pressure_plate":5,"minecraft:light_gray_concrete":13,"minecraft:stone_sword":2,"minecraft:light_gray_bed":8,"minecraft:rotten_flesh":30,"minecraft:stone_axe":2,"butcher:butchersguidebook":4,"tacz:modern_kinetic_gun":1,"minecraft:lever":4,"minecraft:granite":8,"minecraft:iron_block":2,"tombstone:magic_scroll":1,"minecraft:coal":67,"minecraft:cobblestone":392},"minecraft:used":{"minecraft:wheat_seeds":3,"minecraft:netherite_sword":34,"minecraft:diorite":3,"minecraft:stone_sword":14,"minecraft:stone_pickaxe":393,"tacz:gun_smith_table":1,"minecraft:chest":1,"minecraft:wooden_pickaxe":71,"bunker_down:steel_pressure_plate":1,"minecraft:iron_sword":68,"minecraft:sugar_cane":4,"minecraft:rotten_flesh":3,"minecraft:torch":28,"minecraft:crafting_table":1,"bunker_down:brittle_pickaxe":24,"minecraft:carrot":1,"minecraft:wooden_axe":3,"minecraft:lever":3,"minecraft:light_gray_concrete":3,"minecraft:oak_button":1,"minecraft:iron_pickaxe":45,"minecraft:stone_axe":5,"minecraft:cobblestone":13,"minecraft:furnace":6,"minecraft:andesite":7,"tombstone:gift":3,"alexsmobs:animal_dictionary":1,"minecraft:smooth_stone":3,"minecraft:light_gray_bed":1},"minecraft:crafted":{"minecraft:oak_planks":28,"minecraft:crafting_table":1,"minecraft:wooden_pickaxe":1,"minecraft:iron_sword":1,"minecraft:furnace":6,"tacz:gun_smith_table":1,"minecraft:copper_ingot":73,"minecraft:bucket":1,"minecraft:lever":3,"minecraft:stone_axe":1,"minecraft:air":0,"minecraft:jungle_planks":20,"minecraft:stick":24,"minecraft:oak_button":1,"minecraft:iron_pickaxe":1,"minecraft:iron_ingot":39,"minecraft:stone_pickaxe":3,"minecraft:iron_block":1,"minecraft:stone_sword":1,"minecraft:chest":1,"minecraft:torch":28},"minecraft:broken":{"minecraft:stone_pickaxe":3,"bunker_down:brittle_pickaxe":1,"minecraft:wooden_axe":1,"minecraft:wooden_pickaxe":1},"minecraft:custom":{"minecraft:interact_with_furnace":16,"minecraft:mob_kills":24,"minecraft:interact_with_crafting_table":28,"minecraft:damage_dealt_resisted":526,"minecraft:leave_game":8,"minecraft:time_since_death":20343,"minecraft:sleep_in_bed":1,"minecraft:climb_one_cm":27969,"minecraft:time_since_rest":20196,"minecraft:sprint_one_cm":31037,"minecraft:damage_taken":1988,"minecraft:walk_one_cm":192497,"minecraft:drop":13,"minecraft:damage_dealt":3967,"minecraft:player_kills":1,"minecraft:fly_one_cm":24326,"minecraft:open_chest":22,"minecraft:play_time":90110,"minecraft:crouch_one_cm":12300,"minecraft:sneak_time":6825,"tombstone:undead_killed":24,"minecraft:deaths":7,"minecraft:walk_under_water_one_cm":1777,"minecraft:jump":590,"minecraft:walk_on_water_one_cm":5072,"minecraft:total_world_time":90110,"minecraft:fall_one_cm":4645}},"DataVersion":3465}