{"stats":{"minecraft:custom":{"minecraft:mob_kills":105,"minecraft:interact_with_crafting_table":60,"minecraft:damage_dealt_resisted":1057,"minecraft:leave_game":12,"minecraft:time_since_death":130849,"minecraft:climb_one_cm":74923,"minecraft:sprint_one_cm":101479,"minecraft:walk_one_cm":668138,"minecraft:damage_blocked_by_shield":62,"minecraft:drop":51,"minecraft:play_time":326954,"minecraft:sneak_time":20923,"minecraft:deaths":26,"minecraft:walk_under_water_one_cm":23915,"minecraft:jump":1756,"minecraft:walk_on_water_one_cm":21564,"minecraft:total_world_time":326954,"minecraft:interact_with_furnace":37,"minecraft:sleep_in_bed":3,"minecraft:time_since_rest":130790,"minecraft:damage_taken":7859,"minecraft:damage_dealt":4758,"tombstone:cast_on_ally":1,"minecraft:player_kills":9,"minecraft:swim_one_cm":6233,"minecraft:open_chest":124,"minecraft:fly_one_cm":584030,"minecraft:crouch_one_cm":41077,"tombstone:undead_killed":94,"minecraft:fall_one_cm":22478},"minecraft:killed":{"hordes:zombie_player":3,"minecraft:spider":6,"minecraft:phantom":2,"minecraft:guardian":1,"alexsmobs:leafcutter_ant":1,"minecraft:drowned":2,"hordes:husk_player":30,"minecraft:zombie_villager":1,"minecraft:sheep":1,"minecraft:zombie":58},"minecraft:killed_by":{"minecraft:player":5,"minecraft:zombie":9},"minecraft:picked_up":{"minecraft:wooden_axe":3,"minecraft:fishing_rod":3,"minecraft:charcoal":183,"minecraft:clay_ball":132,"minecraft:wooden_pickaxe":4,"alexsmobs:roadrunner_feather":1,"minecraft:enchanted_book":4,"minecraft:chain":3,"minecraft:shield":4,"minecraft:string":8,"minecraft:raw_copper":728,"minecraft:iron_axe":6,"tacz:ammo":592,"minecraft:iron_shovel":5,"minecraft:beetroot":2,"minecraft:red_sand":5,"minecraft:cobbled_deepslate":56,"minecraft:smooth_stone":6,"minecraft:bucket":1,"minecraft:spruce_planks":13,"minecraft:iron_nugget":34,"minecraft:iron_pickaxe":8,"minecraft:melon_slice":14,"minecraft:sugar_cane":40,"minecraft:birch_sapling":2,"minecraft:stick":42,"minecraft:raw_iron":100,"minecraft:copper_ingot":205,"minecraft:torch":48,"tacz:attachment":1,"tombstone:grave_dust":22,"minecraft:diorite":120,"minecraft:carrot":4,"minecraft:redstone":178,"k_turrets:bullet_drone_item":3,"minecraft:rotten_flesh":69,"minecraft:stone_shovel":2,"minecraft:stone_sword":2,"k_turrets:arrow_turret_item":1,"minecraft:light_gray_bed":13,"minecraft:iron_block":2,"minecraft:iron_bars":2,"minecraft:white_wool":4,"minecraft:cobblestone":911,"bunker_down:ceiling_lamp":5,"minecraft:air":0,"minecraft:andesite":43,"minecraft:jungle_log":85,"minecraft:flint":11,"minecraft:tuff":4,"minecraft:oak_log":50,"minecraft:gunpowder":9,"k_turrets:gauss_bullet":256,"minecraft:lapis_lazuli":276,"minecraft:dirt":284,"securitycraft:sentry":1,"tombstone:gift":3,"bunker_down:steel_block":64,"minecraft:cooked_mutton":2,"minecraft:wheat_seeds":2,"minecraft:raw_gold":4,"minecraft:stone_pickaxe":4,"minecraft:iron_ingot":78,"tacz:gun_smith_table":2,"minecraft:stone_hoe":2,"minecraft:iron_sword":1,"minecraft:oak_planks":32,"minecraft:pumpkin":6,"minecraft:gravel":54,"minecraft:sand":11,"minecraft:jungle_planks":116,"securitycraft:portable_radar":3,"minecraft:spruce_log":66,"minecraft:spider_eye":1,"alexsmobs:animal_dictionary":5,"bunker_down:steel_pressure_plate":5,"bunker_down:steel_block_slab":4,"minecraft:bundle":1,"minecraft:light_gray_concrete":14,"minecraft:sugar":30,"minecraft:stone_axe":7,"butcher:butchersguidebook":4,"tacz:modern_kinetic_gun":13,"minecraft:lever":8,"k_turrets:gauss_turret_item":3,"minecraft:granite":58,"k_turrets:cobble_drone_item":2,"minecraft:spruce_button":4,"minecraft:oak_button":1,"alexsmobs:maggot":2,"tombstone:magic_scroll":8,"minecraft:oak_sapling":8,"minecraft:coal":272,"minecraft:ender_pearl":3},"minecraft:mined":{"minecraft:diamond_ore":2,"minecraft:tuff":2,"bunker_down:steel_pressure_plate":3,"minecraft:jungle_leaves":1,"minecraft:lever":3,"minecraft:granite":41,"minecraft:red_sand":1,"minecraft:grass_block":62,"minecraft:jungle_log":43,"minecraft:light_gray_bed":5,"minecraft:moss_block":1,"tacz:gun_smith_table":1,"minecraft:redstone_ore":11,"minecraft:iron_ore":70,"minecraft:andesite":24,"minecraft:deepslate_iron_ore":14,"minecraft:flowering_azalea_leaves":2,"minecraft:vine":7,"minecraft:iron_bars":2,"minecraft:light_gray_concrete":6,"bunker_down:steel_block":13,"minecraft:azalea_leaves":5,"minecraft:stone":351,"bunker_down:ceiling_lamp":5,"horror_element_mod:dead_pig":1,"minecraft:clay":17,"minecraft:melon":3,"minecraft:dead_bush":1,"minecraft:copper_ore":75,"minecraft:cobblestone":8,"minecraft:deepslate_coal_ore":3,"minecraft:lapis_ore":10,"minecraft:sugar_cane":13,"minecraft:diorite":51,"minecraft:wall_torch":2,"minecraft:chain":2,"minecraft:birch_leaves":1,"minecraft:grass":6,"minecraft:oak_log":40,"minecraft:coal_ore":82,"minecraft:sand":5,"minecraft:gravel":37,"minecraft:dirt":24,"minecraft:cobweb":1,"minecraft:gold_ore":4,"minecraft:oak_leaves":28,"minecraft:deepslate":52},"minecraft:dropped":{"k_turrets:gauss_bullet":256,"minecraft:spruce_button":1,"minecraft:stick":1,"minecraft:dirt":1,"alexsmobs:roadrunner_feather":1,"minecraft:torch":8,"minecraft:melon_slice":7,"tacz:modern_kinetic_gun":4,"minecraft:iron_pickaxe":2,"minecraft:fishing_rod":1,"minecraft:white_wool":2,"minecraft:sugar_cane":4,"minecraft:lever":1,"minecraft:rotten_flesh":3,"minecraft:cooked_mutton":2,"minecraft:shield":1,"bunker_down:steel_block":3,"minecraft:spider_eye":1,"tacz:ammo":240,"minecraft:spruce_log":66},"minecraft:used":{"minecraft:beetroot":2,"minecraft:netherite_sword":34,"k_turrets:gauss_drone_item":4,"minecraft:stone_sword":14,"minecraft:red_sand":2,"minecraft:iron_shovel":31,"minecraft:flint_and_steel":122,"minecraft:stone_shovel":58,"minecraft:zombie_villager_spawn_egg":2,"bunker_down:ceiling_lamp":5,"minecraft:ladder":9,"minecraft:stone":357,"minecraft:chest":6,"tacz:gun_smith_table":1,"minecraft:shield":3,"bunker_down:steel_pressure_plate":1,"securitycraft:remote_access_mine":6,"minecraft:iron_sword":72,"securitycraft:security_camera":7,"minecraft:polished_blackstone_wall":102,"minecraft:rotten_flesh":14,"minecraft:torch":88,"minecraft:dirt":139,"bunker_down:brittle_pickaxe":24,"minecraft:carrot":1,"k_turrets:bullet_drone_item":3,"minecraft:wooden_axe":3,"securitycraft:camera_monitor":7,"k_turrets:arrow_turret_item":1,"minecraft:iron_axe":75,"minecraft:spruce_button":1,"minecraft:quartz_block":1,"minecraft:smooth_quartz":3,"securitycraft:sentry":1,"minecraft:furnace":6,"tombstone:gift":4,"minecraft:trapped_chest":1,"minecraft:light_gray_bed":4,"minecraft:cobbled_deepslate_wall":2,"minecraft:wheat_seeds":3,"minecraft:water_bucket":16,"minecraft:diorite":5,"minecraft:end_rod":28,"minecraft:stone_pickaxe":393,"minecraft:oak_planks":308,"minecraft:wooden_pickaxe":71,"minecraft:sugar_cane":5,"k_turrets:cobble_drone_item":2,"k_turrets:gauss_turret_item":3,"minecraft:oak_slab":43,"minecraft:tnt":92,"minecraft:crafting_table":3,"minecraft:chiseled_quartz_block":2,"minecraft:stone_brick_wall":220,"minecraft:painting":6,"minecraft:deepslate_tile_wall":190,"minecraft:oak_log":18,"minecraft:lever":6,"bunker_down:steel_block":22,"minecraft:light_gray_concrete":3,"minecraft:iron_pickaxe":372,"minecraft:melon_slice":5,"minecraft:string":2,"minecraft:oak_button":1,"securitycraft:reinforced_chain":36,"minecraft:stone_axe":27,"minecraft:gravel":37,"minecraft:iron_door":1,"securitycraft:mine":4,"minecraft:cobblestone":126,"minecraft:andesite":8,"minecraft:bucket":12,"minecraft:glass_pane":126,"alexsmobs:animal_dictionary":1,"minecraft:white_concrete":1115,"minecraft:smooth_stone":3},"minecraft:broken":{"bunker_down:brittle_pickaxe":1,"minecraft:wooden_pickaxe":1,"minecraft:stone_pickaxe":3,"minecraft:wooden_axe":1},"minecraft:crafted":{"minecraft:oak_planks":48,"minecraft:stone_shovel":1,"minecraft:spruce_button":1,"minecraft:furnace":6,"minecraft:lever":3,"minecraft:cooked_mutton":2,"minecraft:iron_axe":1,"minecraft:ladder":9,"minecraft:stone_pickaxe":3,"minecraft:chest":5,"minecraft:oak_button":1,"minecraft:stone_hoe":1,"minecraft:sugar":12,"securitycraft:portable_radar":1,"minecraft:crafting_table":3,"minecraft:spruce_planks":252,"minecraft:wooden_pickaxe":1,"minecraft:iron_sword":1,"tacz:gun_smith_table":1,"minecraft:copper_ingot":73,"minecraft:bucket":2,"minecraft:stone_axe":1,"minecraft:air":0,"minecraft:jungle_planks":196,"minecraft:shield":3,"minecraft:stick":60,"minecraft:gunpowder":3,"minecraft:iron_ingot":66,"minecraft:iron_pickaxe":1,"minecraft:iron_block":1,"minecraft:stone_sword":1,"minecraft:iron_shovel":1,"minecraft:redstone_torch":1,"minecraft:torch":36}},"DataVersion":3465}