{"stats":{"minecraft:custom":{"minecraft:mob_kills":91,"minecraft:interact_with_crafting_table":53,"minecraft:damage_dealt_resisted":1053,"minecraft:leave_game":10,"minecraft:time_since_death":540,"minecraft:climb_one_cm":68061,"minecraft:sprint_one_cm":83899,"minecraft:walk_one_cm":521087,"minecraft:damage_blocked_by_shield":62,"minecraft:drop":46,"minecraft:play_time":193320,"minecraft:sneak_time":14459,"minecraft:deaths":25,"minecraft:walk_under_water_one_cm":4614,"minecraft:jump":1336,"minecraft:walk_on_water_one_cm":12723,"minecraft:total_world_time":193320,"minecraft:interact_with_furnace":37,"minecraft:sleep_in_bed":3,"minecraft:time_since_rest":249,"minecraft:damage_taken":7523,"minecraft:damage_dealt":4651,"tombstone:cast_on_ally":1,"minecraft:player_kills":9,"minecraft:swim_one_cm":6233,"minecraft:fly_one_cm":76950,"minecraft:open_chest":105,"minecraft:crouch_one_cm":33198,"tombstone:undead_killed":83,"minecraft:fall_one_cm":20020},"minecraft:killed":{"hordes:zombie_player":1,"minecraft:spider":4,"minecraft:phantom":2,"alexsmobs:leafcutter_ant":1,"hordes:husk_player":30,"minecraft:zombie_villager":1,"minecraft:sheep":1,"minecraft:zombie":51},"minecraft:killed_by":{"minecraft:player":5,"minecraft:zombie":9},"minecraft:picked_up":{"minecraft:wooden_axe":3,"minecraft:fishing_rod":3,"minecraft:charcoal":122,"minecraft:clay_ball":132,"minecraft:wooden_pickaxe":4,"alexsmobs:roadrunner_feather":1,"minecraft:enchanted_book":4,"minecraft:chain":3,"minecraft:shield":4,"minecraft:string":8,"minecraft:raw_copper":551,"minecraft:iron_axe":5,"tacz:ammo":551,"minecraft:iron_shovel":3,"minecraft:beetroot":2,"minecraft:red_sand":5,"minecraft:cobbled_deepslate":56,"minecraft:smooth_stone":6,"minecraft:bucket":1,"minecraft:spruce_planks":12,"minecraft:iron_nugget":34,"minecraft:iron_pickaxe":7,"minecraft:melon_slice":13,"minecraft:sugar_cane":40,"minecraft:stick":29,"minecraft:raw_iron":100,"minecraft:copper_ingot":140,"minecraft:torch":43,"tacz:attachment":1,"tombstone:grave_dust":20,"minecraft:diorite":120,"minecraft:carrot":2,"minecraft:redstone":135,"minecraft:rotten_flesh":63,"minecraft:stone_shovel":1,"minecraft:stone_sword":2,"minecraft:light_gray_bed":13,"minecraft:iron_block":2,"minecraft:iron_bars":2,"minecraft:white_wool":4,"minecraft:cobblestone":679,"bunker_down:ceiling_lamp":5,"minecraft:air":0,"minecraft:andesite":43,"minecraft:jungle_log":85,"minecraft:flint":11,"minecraft:tuff":4,"minecraft:oak_log":34,"minecraft:gunpowder":6,"minecraft:lapis_lazuli":207,"minecraft:dirt":34,"tombstone:gift":3,"bunker_down:steel_block":64,"minecraft:cooked_mutton":2,"minecraft:raw_gold":4,"minecraft:stone_pickaxe":4,"minecraft:iron_ingot":72,"tacz:gun_smith_table":1,"minecraft:stone_hoe":2,"minecraft:iron_sword":1,"minecraft:oak_planks":32,"minecraft:pumpkin":4,"minecraft:gravel":38,"minecraft:jungle_planks":100,"minecraft:sand":11,"securitycraft:portable_radar":2,"minecraft:spruce_log":66,"alexsmobs:animal_dictionary":5,"minecraft:spider_eye":1,"bunker_down:steel_pressure_plate":5,"bunker_down:steel_block_slab":4,"minecraft:bundle":1,"minecraft:light_gray_concrete":14,"minecraft:sugar":20,"tacz:modern_kinetic_gun":11,"minecraft:stone_axe":6,"butcher:butchersguidebook":4,"minecraft:lever":8,"minecraft:granite":38,"minecraft:spruce_button":4,"minecraft:oak_sapling":1,"tombstone:magic_scroll":6,"minecraft:coal":210,"minecraft:ender_pearl":3},"minecraft:mined":{"minecraft:diamond_ore":2,"minecraft:tuff":2,"bunker_down:steel_pressure_plate":3,"minecraft:jungle_leaves":1,"minecraft:lever":3,"minecraft:granite":41,"minecraft:red_sand":1,"minecraft:jungle_log":43,"minecraft:light_gray_bed":5,"minecraft:moss_block":1,"tacz:gun_smith_table":1,"minecraft:redstone_ore":11,"minecraft:iron_ore":70,"minecraft:andesite":24,"minecraft:deepslate_iron_ore":14,"minecraft:flowering_azalea_leaves":2,"minecraft:vine":7,"minecraft:iron_bars":2,"minecraft:light_gray_concrete":6,"bunker_down:steel_block":13,"minecraft:azalea_leaves":5,"minecraft:stone":351,"bunker_down:ceiling_lamp":5,"horror_element_mod:dead_pig":1,"minecraft:clay":17,"minecraft:melon":3,"minecraft:dead_bush":1,"minecraft:copper_ore":75,"minecraft:cobblestone":8,"minecraft:deepslate_coal_ore":3,"minecraft:lapis_ore":10,"minecraft:sugar_cane":13,"minecraft:diorite":51,"minecraft:wall_torch":2,"minecraft:chain":2,"minecraft:grass":5,"minecraft:oak_log":25,"minecraft:coal_ore":82,"minecraft:gravel":37,"minecraft:sand":5,"minecraft:dirt":17,"minecraft:cobweb":1,"minecraft:gold_ore":4,"minecraft:oak_leaves":12,"minecraft:deepslate":52},"minecraft:dropped":{"minecraft:spruce_button":1,"minecraft:stick":1,"alexsmobs:roadrunner_feather":1,"minecraft:torch":8,"minecraft:melon_slice":7,"tacz:modern_kinetic_gun":4,"minecraft:iron_pickaxe":2,"minecraft:fishing_rod":1,"minecraft:white_wool":2,"minecraft:sugar_cane":4,"minecraft:lever":1,"minecraft:rotten_flesh":3,"minecraft:cooked_mutton":2,"minecraft:shield":1,"bunker_down:steel_block":3,"minecraft:spider_eye":1,"tacz:ammo":240,"minecraft:spruce_log":66},"minecraft:used":{"minecraft:beetroot":2,"minecraft:netherite_sword":34,"minecraft:stone_sword":14,"minecraft:red_sand":2,"minecraft:iron_shovel":31,"minecraft:ladder":9,"bunker_down:ceiling_lamp":5,"minecraft:chest":4,"tacz:gun_smith_table":1,"minecraft:shield":3,"bunker_down:steel_pressure_plate":1,"minecraft:iron_sword":72,"minecraft:rotten_flesh":14,"minecraft:torch":49,"bunker_down:brittle_pickaxe":24,"minecraft:carrot":1,"minecraft:wooden_axe":3,"minecraft:iron_axe":75,"minecraft:spruce_button":1,"minecraft:furnace":6,"tombstone:gift":4,"minecraft:light_gray_bed":4,"minecraft:wheat_seeds":3,"minecraft:diorite":5,"minecraft:stone_pickaxe":393,"minecraft:wooden_pickaxe":71,"minecraft:sugar_cane":5,"minecraft:crafting_table":2,"minecraft:oak_log":18,"minecraft:lever":6,"bunker_down:steel_block":22,"minecraft:light_gray_concrete":3,"minecraft:string":2,"minecraft:melon_slice":5,"minecraft:iron_pickaxe":372,"minecraft:oak_button":1,"minecraft:iron_door":1,"minecraft:gravel":37,"minecraft:stone_axe":5,"minecraft:cobblestone":126,"minecraft:andesite":8,"alexsmobs:animal_dictionary":1,"minecraft:smooth_stone":3},"minecraft:broken":{"bunker_down:brittle_pickaxe":1,"minecraft:wooden_pickaxe":1,"minecraft:stone_pickaxe":3,"minecraft:wooden_axe":1},"minecraft:crafted":{"minecraft:oak_planks":44,"minecraft:spruce_button":1,"minecraft:furnace":6,"minecraft:lever":3,"minecraft:cooked_mutton":2,"minecraft:iron_axe":1,"minecraft:ladder":9,"minecraft:stone_pickaxe":3,"minecraft:chest":4,"minecraft:oak_button":1,"minecraft:sugar":12,"securitycraft:portable_radar":1,"minecraft:crafting_table":2,"minecraft:spruce_planks":252,"minecraft:wooden_pickaxe":1,"minecraft:iron_sword":1,"tacz:gun_smith_table":1,"minecraft:copper_ingot":73,"minecraft:bucket":1,"minecraft:stone_axe":1,"minecraft:air":0,"minecraft:jungle_planks":196,"minecraft:shield":3,"minecraft:stick":60,"minecraft:gunpowder":3,"minecraft:iron_ingot":66,"minecraft:iron_pickaxe":1,"minecraft:iron_block":1,"minecraft:stone_sword":1,"minecraft:iron_shovel":1,"minecraft:redstone_torch":1,"minecraft:torch":36}},"DataVersion":3465}