{"stats":{"minecraft:crafted":{"minecraft:oak_planks":28,"minecraft:lever":1,"minecraft:stick":4},"minecraft:custom":{"minecraft:time_since_rest":7123,"minecraft:open_chest":2,"minecraft:crouch_one_cm":1250,"minecraft:sprint_one_cm":20214,"minecraft:play_time":7123,"minecraft:walk_one_cm":23127,"minecraft:sneak_time":652,"minecraft:jump":76,"minecraft:leave_game":1,"minecraft:time_since_death":7123,"minecraft:climb_one_cm":9336,"minecraft:total_world_time":7123,"minecraft:fall_one_cm":1314,"minecraft:fly_one_cm":12772},"minecraft:picked_up":{"minecraft:light_gray_bed":1,"minecraft:rotten_flesh":4,"minecraft:lever":1,"minecraft:sand":1,"minecraft:oak_log":7,"minecraft:cobblestone":3},"minecraft:used":{"minecraft:lever":1,"bunker_down:brittle_pickaxe":3,"alexsmobs:animal_dictionary":1},"minecraft:mined":{"minecraft:oak_log":7,"minecraft:flowering_azalea_leaves":2,"minecraft:light_gray_bed":1,"minecraft:sand":1,"horror_element_mod:dead_pig":1,"minecraft:cobblestone":3,"minecraft:azalea_leaves":5,"minecraft:lever":1}},"DataVersion":3465}