{"stats":{"minecraft:custom":{"minecraft:jump":18,"minecraft:open_chest":2,"minecraft:time_since_rest":4591,"minecraft:damage_dealt":10,"minecraft:crouch_one_cm":685,"minecraft:sprint_one_cm":739,"minecraft:damage_taken":20,"minecraft:play_time":4591,"minecraft:walk_on_water_one_cm":5262,"minecraft:time_since_death":4591,"minecraft:walk_one_cm":5691,"minecraft:sneak_time":269,"minecraft:climb_one_cm":1741,"minecraft:total_world_time":4591,"minecraft:walk_under_water_one_cm":4628,"minecraft:fly_one_cm":40},"minecraft:picked_up":{"minecraft:cobblestone":3},"minecraft:used":{"minecraft:water_bucket":1,"minecraft:sponge":9,"minecraft:cobblestone":3,"bunker_down:brittle_pickaxe":3},"minecraft:mined":{"minecraft:cobblestone":3}},"DataVersion":3465}